,AQI_Value,CO_AQI_Value,Ozone_AQI_Value,NO2_AQI_Value,PM2_5_AQI_Value,Lat,Lng,PM10
0,124,na,22,na,145,[34.00585, 71.53775],60
1,124,na,22,na,145,[34.00585, 71.53775],60
2,124,na,22,na,145,[34.00585, 71.53775],60
3,124,na,22,na,145,[34.00585, 71.53775],60
4,124,na,22,na,145,[34.00585, 71.53775],60
5,124,na,22,na,145,[34.00585, 71.53775],60
6,124,na,22,na,145,[34.00585, 71.53775],60
7,124,na,22,na,145,[34.00585, 71.53775],60
8,38,na,33,na,29,[41.5358, 20.6989],8
9,38,na,33,na,29,[41.5358, 20.6989],8
10,38,na,33,na,29,[41.5358, 20.6989],8
11,38,na,33,na,29,[41.5358, 20.6989],8
12,34,na,26,na,26,[48.7759, 2.37577],8
13,38,na,33,na,29,[41.5358, 20.6989],8
14,38,na,33,na,29,[41.5358, 20.6989],8
15,38,na,33,na,29,[41.5358, 20.6989],8
16,38,na,33,na,29,[41.5358, 20.6989],8
17,38,na,33,na,29,[41.5358, 20.6989],8
18,38,na,33,na,29,[41.5358, 20.6989],8
19,38,na,33,na,29,[41.5358, 20.6989],8
20,38,na,33,na,29,[41.5358, 20.6989],8
21,38,na,33,na,29,[41.5358, 20.6989],8
22,38,na,33,na,29,[41.5358, 20.6989],8
23,63,na,26,na,55,[36.7558, 3.039114],22
24,63,na,26,na,55,[36.7558, 3.039114],22
25,63,na,26,na,55,[36.7558, 3.039114],22
26,63,na,26,na,55,[36.7558, 3.039114],22
27,63,na,26,na,55,[36.7558, 3.039114],22
28,63,na,26,na,55,[36.7558, 3.039114],22
29,92,na,6,na,68,[-1.936231, 30.077951],27
30,3,na,2,na,53,[-34.657988, -58.342538],19
31,3,na,2,na,53,[-34.657988, -58.342538],19
32,3,na,2,na,53,[-34.657988, -58.342538],19
33,3,na,2,na,53,[-34.657988, -58.342538],19
34,19,na,1,na,42,[-34.6775885, -58.701767],15
35,3,na,2,na,53,[-34.657988, -58.342538],19
36,3,na,2,na,53,[-34.657988, -58.342538],19
37,3,na,2,na,53,[-34.657988, -58.342538],19
38,3,na,2,na,53,[-34.657988, -58.342538],19
39,3,na,2,na,53,[-34.657988, -58.342538],19
40,3,na,2,na,53,[-34.657988, -58.342538],19
41,3,na,2,na,53,[-34.657988, -58.342538],19
42,3,na,2,na,53,[-34.657988, -58.342538],19
43,3,na,2,na,53,[-34.657988, -58.342538],19
44,3,na,2,na,53,[-34.657988, -58.342538],19
45,3,na,2,na,53,[-34.657988, -58.342538],19
46,3,na,2,na,53,[-34.657988, -58.342538],19
47,3,na,2,na,53,[-34.657988, -58.342538],19
48,3,na,2,na,53,[-34.657988, -58.342538],19
49,3,na,2,na,53,[-34.657988, -58.342538],19
50,3,na,2,na,53,[-34.657988, -58.342538],19
51,56,na,30,na,31,[39.795454, 44.625607],13
52,56,na,30,na,31,[39.795454, 44.625607],13
53,56,na,30,na,31,[39.795454, 44.625607],13
54,56,na,30,na,31,[39.795454, 44.625607],13
55,56,na,30,na,31,[39.795454, 44.625607],13
56,56,na,30,na,31,[39.795454, 44.625607],13
57,56,na,30,na,31,[39.795454, 44.625607],13
58,56,na,30,na,31,[39.795454, 44.625607],13
59,56,na,30,na,31,[39.795454, 44.625607],13
60,56,na,30,na,31,[39.795454, 44.625607],13
61,56,na,30,na,31,[39.795454, 44.625607],13
62,56,na,30,na,31,[39.795454, 44.625607],13
63,56,na,30,na,31,[39.795454, 44.625607],13
64,56,na,30,na,31,[39.795454, 44.625607],13
65,56,na,30,na,31,[39.795454, 44.625607],13
66,56,na,30,na,31,[39.795454, 44.625607],13
67,56,na,30,na,31,[39.795454, 44.625607],13
68,56,na,30,na,31,[39.795454, 44.625607],13
69,56,na,30,na,31,[39.795454, 44.625607],13
70,56,na,30,na,31,[39.795454, 44.625607],13
71,56,na,30,na,31,[39.795454, 44.625607],13
72,56,na,30,na,31,[39.795454, 44.625607],13
73,60,na,7,na,3,[-35.285307, 149.131579],1
74,60,na,7,na,3,[-35.285307, 149.131579],1
75,28,na,10,na,32,[-27.3292, 153.0478],10
76,60,na,7,na,3,[-35.285307, 149.131579],1
77,60,na,7,na,3,[-35.285307, 149.131579],1
78,60,4,7,4.2,3,[-35.220606, 149.043539],1
79,60,na,7,na,3,[-35.285307, 149.131579],1
80,60,4,7,4.2,3,[-35.220606, 149.043539],1
81,60,na,7,na,3,[-35.285307, 149.131579],1
82,38,0.1,36,11.9,48,[48.2167394444444, 16.3809180555556],14
83,38,0.1,36,11.9,48,[48.2167394444444, 16.3809180555556],14
84,42,na,36,na,48,[48.21911, 16.349818],14
85,42,na,36,na,48,[48.21911, 16.349818],14
86,50,na,36,na,48,[48.30822222, 16.3279444],14
87,38,0.1,36,11.9,48,[48.2167394444444, 16.3809180555556],14
88,38,0.1,36,11.9,48,[48.2167394444444, 16.3809180555556],14
89,42,na,36,na,48,[48.21911, 16.349818],14
90,38,0.1,36,11.9,48,[48.2167394444444, 16.3809180555556],14
91,50,0.1,36,4.2,48,[48.20306, 16.43455],14
92,38,0.1,36,11.9,48,[48.2167394444444, 16.3809180555556],14
93,50,0.1,36,4.2,48,[48.20306, 16.43455],14
94,38,na,36,na,48,[48.261086, 16.396954],14
95,38,0.1,36,11.9,48,[48.2167394444444, 16.3809180555556],14
96,42,na,36,na,48,[48.21911, 16.349818],14
97,42,na,36,na,47,[48.1743530555556, 16.3614172222222],13
98,42,na,36,na,48,[48.21911, 16.349818],14
99,50,0.1,36,4.2,48,[48.20306, 16.43455],14
100,42,na,36,na,47,[48.1743530555556, 16.3614172222222],13
101,68,na,17,na,38,[40.386993, 49.842945],21
102,68,na,17,na,38,[40.386993, 49.842945],21
103,68,na,17,na,38,[40.386993, 49.842945],21
104,68,na,17,na,38,[40.386993, 49.842945],21
105,68,na,17,na,38,[40.386993, 49.842945],21
106,68,na,17,na,38,[40.386993, 49.842945],21
107,68,na,17,na,38,[40.386993, 49.842945],21
108,68,na,17,na,38,[40.386993, 49.842945],21
109,68,na,17,na,38,[40.386993, 49.842945],21
110,68,na,17,na,38,[40.386993, 49.842945],21
111,63,na,26,na,131,[26.204697, 50.57083],101
112,63,na,26,na,131,[26.204697, 50.57083],101
113,132,na,10,na,80,[23.796373, 90.424614],38
114,132,na,10,na,80,[23.796373, 90.424614],38
115,132,na,10,na,80,[23.796373, 90.424614],38
116,132,na,10,na,80,[23.796373, 90.424614],38
117,132,na,10,na,80,[23.796373, 90.424614],38
118,132,na,10,na,80,[23.796373, 90.424614],38
119,132,na,10,na,80,[23.796373, 90.424614],38
120,132,na,10,na,80,[23.796373, 90.424614],38
121,132,na,10,na,80,[23.796373, 90.424614],38
122,132,na,10,na,80,[23.796373, 90.424614],38
123,132,na,10,na,80,[23.796373, 90.424614],38
124,132,na,10,na,80,[23.796373, 90.424614],38
125,132,na,10,na,80,[23.796373, 90.424614],38
126,132,na,10,na,80,[23.796373, 90.424614],38
127,132,na,10,na,80,[23.796373, 90.424614],38
128,132,na,10,na,80,[23.796373, 90.424614],38
129,132,na,10,na,80,[23.796373, 90.424614],38
130,132,na,10,na,80,[23.796373, 90.424614],38
131,132,na,10,na,80,[23.796373, 90.424614],38
132,132,na,10,na,80,[23.796373, 90.424614],38
133,132,na,10,na,80,[23.796373, 90.424614],38
134,132,na,10,na,80,[23.796373, 90.424614],38
135,132,na,10,na,80,[23.796373, 90.424614],38
136,132,na,10,na,80,[23.796373, 90.424614],38
137,132,na,10,na,80,[23.796373, 90.424614],38
138,132,na,10,na,80,[23.796373, 90.424614],38
139,132,na,10,na,80,[23.796373, 90.424614],38
140,132,na,10,na,80,[23.796373, 90.424614],38
141,132,na,10,na,80,[23.796373, 90.424614],38
142,132,na,10,na,80,[23.796373, 90.424614],38
143,132,na,10,na,80,[23.796373, 90.424614],38
144,132,na,10,na,80,[23.796373, 90.424614],38
145,132,na,10,na,80,[23.796373, 90.424614],38
146,132,na,10,na,80,[23.796373, 90.424614],38
147,132,na,10,na,80,[23.796373, 90.424614],38
148,132,na,10,na,80,[23.796373, 90.424614],38
149,132,na,10,na,80,[23.796373, 90.424614],38
150,132,na,10,na,80,[23.796373, 90.424614],38
151,132,na,10,na,80,[23.796373, 90.424614],38
152,132,na,10,na,80,[23.796373, 90.424614],38
153,132,na,10,na,80,[23.796373, 90.424614],38
154,132,na,10,na,80,[23.796373, 90.424614],38
155,132,na,10,na,80,[23.796373, 90.424614],38
156,132,na,10,na,80,[23.796373, 90.424614],38
157,132,na,10,na,80,[23.796373, 90.424614],38
158,132,na,10,na,80,[23.796373, 90.424614],38
159,132,na,10,na,80,[23.796373, 90.424614],38
160,132,na,10,na,80,[23.796373, 90.424614],38
161,132,na,10,na,80,[23.796373, 90.424614],38
162,132,na,10,na,80,[23.796373, 90.424614],38
163,132,na,10,na,80,[23.796373, 90.424614],38
164,132,na,10,na,80,[23.796373, 90.424614],38
165,132,na,10,na,80,[23.796373, 90.424614],38
166,132,na,10,na,80,[23.796373, 90.424614],38
167,132,na,10,na,80,[23.796373, 90.424614],38
168,132,na,10,na,80,[23.796373, 90.424614],38
169,132,na,10,na,80,[23.796373, 90.424614],38
170,132,na,10,na,80,[23.796373, 90.424614],38
171,132,na,10,na,80,[23.796373, 90.424614],38
172,132,na,10,na,80,[23.796373, 90.424614],38
173,132,na,10,na,80,[23.796373, 90.424614],38
174,132,na,10,na,80,[23.796373, 90.424614],38
175,132,na,10,na,80,[23.796373, 90.424614],38
176,132,na,10,na,80,[23.796373, 90.424614],38
177,132,na,10,na,80,[23.796373, 90.424614],38
178,132,na,10,na,80,[23.796373, 90.424614],38
179,132,na,10,na,80,[23.796373, 90.424614],38
180,132,na,10,na,80,[23.796373, 90.424614],38
181,132,na,10,na,80,[23.796373, 90.424614],38
182,132,na,10,na,80,[23.796373, 90.424614],38
183,132,na,10,na,80,[23.796373, 90.424614],38
184,132,na,10,na,80,[23.796373, 90.424614],38
185,132,na,10,na,80,[23.796373, 90.424614],38
186,132,na,10,na,80,[23.796373, 90.424614],38
187,132,na,10,na,80,[23.796373, 90.424614],38
188,132,na,10,na,80,[23.796373, 90.424614],38
189,132,na,10,na,80,[23.796373, 90.424614],38
190,132,na,10,na,80,[23.796373, 90.424614],38
191,132,na,10,na,80,[23.796373, 90.424614],38
192,132,na,10,na,80,[23.796373, 90.424614],38
193,132,na,10,na,80,[23.796373, 90.424614],38
194,132,na,10,na,80,[23.796373, 90.424614],38
195,132,na,10,na,80,[23.796373, 90.424614],38
196,132,na,10,na,80,[23.796373, 90.424614],38
197,132,na,10,na,80,[23.796373, 90.424614],38
198,132,na,10,na,80,[23.796373, 90.424614],38
199,132,na,10,na,80,[23.796373, 90.424614],38
200,132,na,10,na,80,[23.796373, 90.424614],38
201,132,na,10,na,80,[23.796373, 90.424614],38
202,37,na,6,na,19,[14.468867, -60.927389],10
203,37,na,6,na,19,[14.468867, -60.927389],10
204,37,na,6,na,19,[14.468867, -60.927389],10
205,32,na,28,na,31,[54.7117424, 25.2974345],8
206,32,na,28,na,31,[54.7117424, 25.2974345],8
207,32,na,28,na,31,[54.7117424, 25.2974345],8
208,32,na,28,na,31,[54.7117424, 25.2974345],8
209,32,na,28,na,31,[54.7117424, 25.2974345],8
210,32,na,28,na,31,[54.7117424, 25.2974345],8
211,32,na,28,na,31,[54.7117424, 25.2974345],8
212,32,na,28,na,31,[54.7117424, 25.2974345],8
213,32,na,28,na,31,[54.7117424, 25.2974345],8
214,32,na,28,na,31,[54.7117424, 25.2974345],8
215,1,na,6,na,107,[14.6069387, -90.5169696],43
216,38,na,4,na,113,[6.4404830932617, 3.4068150520325],55
217,57,2.4,37,6,66,[43.864722, 18.419357],21
218,57,2.4,37,6,66,[43.864722, 18.419357],21
219,57,2.4,37,6,66,[43.864722, 18.419357],21
220,105,0.1,36,18.4,66,[44.531944444444, 18.654722222222],22
221,57,2.4,37,6,66,[43.864722, 18.419357],21
222,74,na,10,na,61,[-25.835814, 25.614534],23
223,74,na,10,na,61,[-25.835814, 25.614534],23
224,74,na,10,na,61,[-25.835814, 25.614534],23
225,5,na,5,na,136,[-20.784689284, -49.398277793],51
226,5,na,5,na,136,[-20.784689284, -49.398277793],51
227,17,0.1,36,2.7,47,[42.673888888889, 23.282791666667],13
228,21,na,27,na,34,[42.6483638, 23.4011233],10
229,18,0.1,27,3.2,34,[42.6413301, 23.373074],10
230,32,na,30,na,25,[43.224389, 27.915733],7
231,17,0.1,36,2.7,47,[42.673888888889, 23.282791666667],13
232,18,0.1,27,3.2,34,[42.6413301, 23.373074],10
233,18,0.1,27,3.2,34,[42.6413301, 23.373074],10
234,18,0.1,27,3.2,34,[42.6413301, 23.373074],10
235,25,na,31,na,47,[42.7325, 23.298611],12
236,17,0.1,36,2.7,47,[42.673888888889, 23.282791666667],13
237,25,na,31,na,47,[42.7325, 23.298611],12
238,22,0.1,36,3.6,47,[42.6656601, 23.2702013],13
239,18,0.1,27,3.2,34,[42.6413301, 23.373074],10
240,5,1,7,1,94,[11.327715, 106.10414],29
241,5,1,7,1,94,[11.327715, 106.10414],29
242,42,0.1,30,1.9,31,[50.6325574, 5.5796662],9
243,5,1,7,1,94,[11.327715, 106.10414],29
244,14,2.3,8,8.4,15,[42.3294, -71.0825],5
245,5,1,7,1,94,[11.327715, 106.10414],29
246,5,1,7,1,94,[11.327715, 106.10414],29
247,5,1,7,1,94,[11.327715, 106.10414],29
248,5,1,7,1,94,[11.327715, 106.10414],29
249,5,1,7,1,94,[11.327715, 106.10414],29
250,5,1,7,1,94,[11.327715, 106.10414],29
251,42,na,6,na,6,[45.434333, -75.676],2
252,34,5,6,3.4,6,[45.4215296, -75.6971931],2
253,34,5,6,3.4,6,[45.4215296, -75.6971931],2
254,34,5,6,3.4,6,[45.4215296, -75.6971931],2
255,34,5,6,3.4,6,[45.4215296, -75.6971931],2
256,34,5,6,3.4,6,[45.4215296, -75.6971931],2
257,34,5,6,3.4,6,[45.4215296, -75.6971931],2
258,34,5,6,3.4,6,[45.4215296, -75.6971931],2
259,25,na,3,na,42,[9.0416479110718, 7.4773740768433],13
260,85,9.3,5,26.1,251,[-33.37677352033, -70.523326784061],153
261,119,21.5,2,25.4,246,[-33.464142, -70.660797],142
262,107,25.2,2,33.3,246,[-33.516630362266, -70.588123961971],142
263,119,21.5,2,25.4,246,[-33.464142, -70.660797],142
264,119,21.5,2,25.4,246,[-33.464142, -70.660797],142
265,119,21.5,2,25.4,246,[-33.464142, -70.660797],142
266,119,21.5,2,25.4,246,[-33.464142, -70.660797],142
267,1,0.1,35,3.7,52,[45.4099034, 8.7875429],18
268,21,1.9,2,2.1,10,[4.5725, -74.0836],3
269,17,3.9,2,2.9,10,[4.62529, -74.06724],3
270,21,1.9,2,2.1,10,[4.5725, -74.0836],3
271,25,2.8,2,2.9,10,[4.637735, -74.09486],3
272,17,3.9,2,2.9,10,[4.62529, -74.06724],3
273,18,2.9,1,1.9,13,[4.645228, -74.06152],4
274,18,2.9,1,1.9,13,[4.645228, -74.06152],4
275,17,3.9,2,2.9,10,[4.62529, -74.06724],3
276,57,2.8,2,2.8,8,[4.78374, -74.04417],3
277,17,3.9,2,2.9,10,[4.62529, -74.06724],3
278,20,3,2,2.5,8,[4.70939, -74.03199],3
279,18,2.9,1,1.9,13,[4.645228, -74.06152],4
280,18,2.9,1,1.9,13,[4.645228, -74.06152],4
281,25,2.8,2,2.9,10,[4.637735, -74.09486],3
282,17,3.9,2,2.9,10,[4.62529, -74.06724],3
283,17,3.9,2,2.9,10,[4.62529, -74.06724],3
284,53,0.1,35,16.6,55,[45.800338888889, 15.974072222222],18
285,53,0.1,35,16.6,55,[45.800338888889, 15.974072222222],18
286,53,0.1,35,16.6,55,[45.800338888889, 15.974072222222],18
287,53,0.1,35,16.6,55,[45.800338888889, 15.974072222222],18
288,53,0.1,35,16.6,55,[45.800338888889, 15.974072222222],18
289,53,0.1,35,16.6,55,[45.800338888889, 15.974072222222],18
290,53,0.1,35,16.6,55,[45.800338888889, 15.974072222222],18
291,53,0.1,35,16.6,55,[45.800338888889, 15.974072222222],18
292,94,na,38,na,56,[45.823716666667, 16.035825],19
293,53,0.1,35,16.6,55,[45.800338888889, 15.974072222222],18
294,53,0.1,35,16.6,55,[45.800338888889, 15.974072222222],18
295,52,na,7,na,21,[25.471944444444, -80.482777777778],6
296,52,na,7,na,21,[25.471944444444, -80.482777777778],6
297,52,na,7,na,21,[25.471944444444, -80.482777777778],6
298,52,na,7,na,21,[25.471944444444, -80.482777777778],6
299,52,na,7,na,21,[25.471944444444, -80.482777777778],6
300,52,na,7,na,21,[25.471944444444, -80.482777777778],6
301,52,na,7,na,21,[25.471944444444, -80.482777777778],6
302,56,3.5,37,17.4,31,[35.1520595, 33.3476924],15
303,56,3.5,37,17.4,31,[35.1520595, 33.3476924],15
304,56,3.5,37,17.4,31,[35.1520595, 33.3476924],15
305,92,na,6,na,68,[-1.936231, 30.077951],27
306,92,na,6,na,68,[-1.936231, 30.077951],27
307,26,na,8,na,18,[18.070114, -63.081481],8
308,26,na,8,na,18,[18.070114, -63.081481],8
309,43,na,3,na,24,[-0.107777, -78.497222],8
310,52,na,3,na,13,[-0.214933, -78.403253],5
311,26,4.6,4,4.4,11,[10.4160327, -61.4746778],6
312,40,na,3,na,22,[-0.221393, -78.514005],7
313,40,na,3,na,22,[-0.221393, -78.514005],7
314,43,na,3,na,24,[-0.184719, -78.495986],8
315,39,na,35,na,43,[31.56193, 34.56336],16
316,39,na,35,na,43,[31.56193, 34.56336],16
317,39,na,35,na,43,[31.56193, 34.56336],16
318,39,na,35,na,43,[31.56193, 34.56336],16
319,39,na,35,na,43,[31.56193, 34.56336],16
320,39,na,35,na,43,[31.56193, 34.56336],16
321,39,na,35,na,43,[31.56193, 34.56336],16
322,39,na,35,na,43,[31.56193, 34.56336],16
323,39,na,35,na,43,[31.56193, 34.56336],16
324,39,na,35,na,43,[31.56193, 34.56336],16
325,39,na,35,na,43,[31.56193, 34.56336],16
326,39,na,35,na,43,[31.56193, 34.56336],16
327,39,na,35,na,43,[31.56193, 34.56336],16
328,39,na,35,na,43,[31.56193, 34.56336],16
329,65,na,6,na,64,[13.70630556, -89.20011667],26
330,65,na,6,na,64,[13.70630556, -89.20011667],26
331,65,na,6,na,64,[13.70630556, -89.20011667],26
332,25,na,3,na,42,[9.0416479110718, 7.4773740768433],13
333,53,na,18,na,74,[21.543486, 39.17299],54
334,39,na,28,na,28,[59.414133, 24.649218],8
335,39,na,28,na,28,[59.414133, 24.649218],8
336,43,na,28,na,27,[59.43107, 24.760317],8
337,43,na,28,na,27,[59.43107, 24.760317],8
338,43,na,28,na,27,[59.43107, 24.760317],8
339,43,na,28,na,27,[59.43107, 24.760317],8
340,42,na,27,na,28,[59.447293, 24.715126],8
341,43,na,28,na,27,[59.43107, 24.760317],8
342,43,na,28,na,27,[59.43107, 24.760317],8
343,39,na,28,na,28,[59.414133, 24.649218],8
344,127,na,9,na,290,[9.058498, 38.761642],240
345,127,na,9,na,290,[9.058498, 38.761642],240
346,80,na,9,na,290,[8.996519, 38.725433],240
347,127,na,9,na,290,[9.058498, 38.761642],240
348,80,na,9,na,290,[8.996519, 38.725433],240
349,127,na,9,na,290,[9.058498, 38.761642],240
350,127,na,9,na,290,[9.058498, 38.761642],240
351,80,na,9,na,290,[8.996519, 38.725433],240
352,127,na,9,na,290,[9.058498, 38.761642],240
353,80,na,9,na,290,[8.996519, 38.725433],240
354,127,na,9,na,290,[9.058498, 38.761642],240
355,35,na,24,na,32,[60.1733244, 24.9410248],10
356,30,na,24,na,32,[60.16964, 24.93924],10
357,25,na,25,na,19,[60.22024, 24.81133],7
358,30,na,24,na,32,[60.16964, 24.93924],10
359,40,na,26,na,31,[60.19644, 24.95198],9
360,35,na,24,na,32,[60.1733244, 24.9410248],10
361,35,na,29,na,24,[61.48226, 21.81329],7
362,40,na,26,na,31,[60.19644, 24.95198],9
363,35,na,24,na,32,[60.1733244, 24.9410248],10
364,34,na,27,na,29,[60.22393, 25.10244],9
365,30,na,24,na,32,[60.16964, 24.93924],10
366,38,0.1,26,7,31,[48.8621, 2.34462],9
367,45,0.1,26,25.3,31,[48.856614, 2.3522219],9
368,40,na,27,na,21,[48.11521, -1.673088],7
369,55,na,27,na,23,[48.640929999815, 2.2687200004266],7
370,45,0.1,26,25.3,31,[48.856614, 2.3522219],9
371,45,0.1,26,25.3,31,[48.856614, 2.3522219],9
372,16,na,26,na,31,[48.8303, 2.26972],9
373,30,na,26,na,31,[48.8913, 2.24064],9
374,22,na,32,na,45,[48.588056, 7.729722],14
375,45,0.1,26,25.3,31,[48.856614, 2.3522219],9
376,35,na,26,na,31,[48.9022, 2.3907],9
377,56,na,26,na,31,[48.8686, 2.31166],9
378,56,na,26,na,31,[48.8686, 2.31166],9
379,34,na,26,na,26,[48.7759, 2.37577],8
380,45,0.1,26,25.3,31,[48.856614, 2.3522219],9
381,38,0.1,26,7,31,[48.8621, 2.34462],9
382,56,na,26,na,31,[48.8686, 2.31166],9
383,45,0.1,26,25.3,31,[48.856614, 2.3522219],9
384,1,0.1,35,3.7,52,[45.4099034, 8.7875429],18
385,38,0.1,26,7,31,[48.8621, 2.34462],9
386,45,0.1,26,25.3,31,[48.856614, 2.3522219],9
387,38,0.1,26,7,31,[48.8621, 2.34462],9
388,38,0.1,26,7,31,[48.8621, 2.34462],9
389,45,0.1,26,25.3,31,[48.856614, 2.3522219],9
390,45,0.1,26,25.3,31,[48.856614, 2.3522219],9
391,45,0.1,26,25.3,31,[48.856614, 2.3522219],9
392,45,0.1,26,25.3,31,[48.856614, 2.3522219],9
393,47,na,26,na,31,[48.8733, 2.32957],9
394,45,0.1,26,25.3,31,[48.856614, 2.3522219],9
395,35,na,26,na,31,[48.9022, 2.3907],9
396,45,na,26,na,31,[48.9251, 2.35654],9
397,45,0.1,26,25.3,31,[48.856614, 2.3522219],9
398,33,na,26,na,31,[48.8917, 2.34563],9
399,45,0.1,26,25.3,31,[48.856614, 2.3522219],9
400,40,na,27,na,21,[48.11521, -1.673088],7
401,29,2.3,25,28.4,52,[51.52253, -0.154611],15
402,16,na,26,na,31,[48.8303, 2.26972],9
403,38,0.1,26,7,31,[48.8621, 2.34462],9
404,55,na,27,na,23,[48.640929999815, 2.2687200004266],7
405,44,na,28,na,30,[44.800461732357, -0.589397901038],9
406,55,na,27,na,23,[48.640929999815, 2.2687200004266],7
407,45,0.1,26,25.3,31,[48.856614, 2.3522219],9
408,38,0.1,26,7,31,[48.8621, 2.34462],9
409,38,0.1,26,7,31,[48.8621, 2.34462],9
410,38,0.1,26,7,31,[48.8621, 2.34462],9
411,47,na,26,na,31,[48.8733, 2.32957],9
412,45,0.1,26,25.3,31,[48.856614, 2.3522219],9
413,45,0.1,26,25.3,31,[48.856614, 2.3522219],9
414,45,0.1,26,25.3,31,[48.856614, 2.3522219],9
415,45,0.1,26,25.3,31,[48.856614, 2.3522219],9
416,38,0.1,26,7,31,[48.8621, 2.34462],9
417,74,na,26,na,31,[48.8386, 2.41278],9
418,38,0.1,26,7,31,[48.8621, 2.34462],9
419,38,0.1,26,7,31,[48.8621, 2.34462],9
420,54,na,31,na,30,[43.62358041, 1.438546479],9
421,33,na,26,na,31,[48.8917, 2.34563],9
422,45,0.1,26,25.3,31,[48.856614, 2.3522219],9
423,45,0.1,26,25.3,31,[48.856614, 2.3522219],9
424,45,0.1,26,25.3,31,[48.856614, 2.3522219],9
425,45,0.1,26,25.3,31,[48.856614, 2.3522219],9
426,56,na,26,na,31,[48.8686, 2.31166],9
427,38,0.1,26,7,31,[48.8621, 2.34462],9
428,35,na,26,na,31,[48.9022, 2.3907],9
429,45,0.1,26,25.3,31,[48.856614, 2.3522219],9
430,45,0.1,26,25.3,31,[48.856614, 2.3522219],9
431,38,0.1,26,7,31,[48.8621, 2.34462],9
432,45,0.1,26,25.3,31,[48.856614, 2.3522219],9
433,20,na,28,na,27,[48.8408, 2.4844],8
434,38,0.1,26,7,31,[48.8621, 2.34462],9
435,56,na,26,na,31,[48.8686, 2.31166],9
436,45,0.1,26,25.3,31,[48.856614, 2.3522219],9
437,45,0.1,26,25.3,31,[48.856614, 2.3522219],9
438,45,0.1,26,25.3,31,[48.856614, 2.3522219],9
439,45,0.1,26,25.3,31,[48.856614, 2.3522219],9
440,16,na,26,na,31,[48.8303, 2.26972],9
441,38,0.1,26,7,31,[48.8621, 2.34462],9
442,45,0.1,26,25.3,31,[48.856614, 2.3522219],9
443,30,na,26,na,31,[48.8913, 2.24064],9
444,35,na,26,na,31,[48.9022, 2.3907],9
445,45,0.1,26,25.3,31,[48.856614, 2.3522219],9
446,35,na,26,na,31,[48.9022, 2.3907],9
447,45,0.1,26,25.3,31,[48.856614, 2.3522219],9
448,45,0.1,26,25.3,31,[48.856614, 2.3522219],9
449,91,0.1,29,13.3,38,[52.463611, 13.31825],11
450,91,0.1,29,13.3,38,[52.463611, 13.31825],11
451,89,na,29,na,38,[52.543041, 13.349326],11
452,89,na,29,na,38,[52.543041, 13.349326],11
453,78,0.1,29,7.4,38,[52.5200066, 13.404954],11
454,38,2.6,25,9.3,52,[51.49467, -0.131931],15
455,89,na,29,na,38,[52.543041, 13.349326],11
456,89,na,29,na,38,[52.543041, 13.349326],11
457,91,0.1,29,13.3,38,[52.463611, 13.31825],11
458,47,na,35,na,36,[52.3758916, 9.7320104],11
459,102,na,29,na,38,[52.513606, 13.418833],11
460,87,0.1,33,9.6,50,[52.514072, 13.469931],15
461,93,na,29,na,38,[52.509813, 13.382377],11
462,78,0.1,29,7.4,38,[52.5200066, 13.404954],11
463,89,na,29,na,38,[52.543041, 13.349326],11
464,93,na,29,na,38,[52.509813, 13.382377],11
465,34,na,26,na,27,[51.142082, -0.194181],8
466,91,0.1,29,13.3,38,[52.463611, 13.31825],11
467,87,0.1,33,9.6,50,[52.514072, 13.469931],15
468,93,na,29,na,38,[52.509813, 13.382377],11
469,78,0.1,29,7.4,38,[52.5200066, 13.404954],11
470,89,na,29,na,38,[52.543041, 13.349326],11
471,93,na,29,na,38,[52.509813, 13.382377],11
472,38,na,4,na,113,[6.4404830932617, 3.4068150520325],55
473,38,na,4,na,113,[6.4404830932617, 3.4068150520325],55
474,38,na,4,na,113,[6.4404830932617, 3.4068150520325],55
475,38,na,4,na,113,[6.4404830932617, 3.4068150520325],55
476,38,na,4,na,113,[6.4404830932617, 3.4068150520325],55
477,38,na,4,na,113,[6.4404830932617, 3.4068150520325],55
478,38,na,4,na,113,[6.4404830932617, 3.4068150520325],55
479,38,na,4,na,113,[6.4404830932617, 3.4068150520325],55
480,38,na,4,na,113,[6.4404830932617, 3.4068150520325],55
481,38,na,4,na,113,[6.4404830932617, 3.4068150520325],55
482,38,na,4,na,113,[6.4404830932617, 3.4068150520325],55
483,38,na,4,na,113,[6.4404830932617, 3.4068150520325],55
484,38,na,4,na,113,[6.4404830932617, 3.4068150520325],55
485,55,na,4,na,69,[5.36, -4.0083],34
486,74,na,24,na,28,[37.988028, 23.727628],10
487,74,na,24,na,28,[37.988028, 23.727628],10
488,74,na,24,na,28,[37.988028, 23.727628],10
489,74,na,24,na,28,[37.988028, 23.727628],10
490,74,na,24,na,28,[37.988028, 23.727628],10
491,74,na,24,na,28,[37.988028, 23.727628],10
492,70,0.1,27,22.4,65,[37.9432869, 23.64751053],23
493,74,na,24,na,28,[37.988028, 23.727628],10
494,74,na,24,na,28,[37.988028, 23.727628],10
495,51,na,36,na,48,[37.99510574, 23.81941795],15
496,70,0.1,27,22.4,65,[37.9432869, 23.64751053],23
497,1,na,6,na,107,[14.6069387, -90.5169696],43
498,1,na,6,na,107,[14.6069387, -90.5169696],43
499,1,na,6,na,107,[14.6069387, -90.5169696],43
500,1,na,6,na,107,[14.6069387, -90.5169696],43
501,1,na,6,na,107,[14.6069387, -90.5169696],43
502,55,na,4,na,69,[5.36, -4.0083],34
503,26,na,8,na,18,[18.070114, -63.081481],8
504,26,na,8,na,18,[18.070114, -63.081481],8
505,26,na,8,na,18,[18.070114, -63.081481],8
506,26,na,8,na,18,[18.070114, -63.081481],8
507,26,na,8,na,18,[18.070114, -63.081481],8
508,124,na,5,na,60,[13.71518889, -89.15481944],24
509,57,na,37,na,41,[48.159614, 18.978505],11
510,57,na,37,na,41,[48.159614, 18.978505],11
511,57,na,37,na,41,[48.159614, 18.978505],11
512,57,na,37,na,41,[48.159614, 18.978505],11
513,57,na,37,na,41,[48.159614, 18.978505],11
514,36,na,26,na,21,[47.4685, -0.555933],7
515,57,na,37,na,41,[48.159614, 18.978505],11
516,57,na,37,na,41,[48.159614, 18.978505],11
517,57,na,37,na,41,[48.159614, 18.978505],11
518,57,na,37,na,41,[48.159614, 18.978505],11
519,57,na,37,na,41,[48.159614, 18.978505],11
520,57,na,37,na,41,[48.159614, 18.978505],11
521,57,na,37,na,41,[48.159614, 18.978505],11
522,57,na,37,na,41,[48.159614, 18.978505],11
523,57,na,37,na,41,[48.159614, 18.978505],11
524,57,na,37,na,41,[48.159614, 18.978505],11
525,57,na,37,na,41,[48.159614, 18.978505],11
526,57,na,37,na,41,[48.159614, 18.978505],11
527,57,na,37,na,41,[48.159614, 18.978505],11
528,15,0.1,21,3.3,13,[64.142, -21.946],4
529,15,0.1,21,3.3,13,[64.142, -21.946],4
530,15,0.1,21,3.3,13,[64.142, -21.946],4
531,34,0.1,23,11.4,51,[64.13, -21.875],15
532,15,0.1,21,3.3,13,[64.142, -21.946],4
533,63,7.3,11,5.1,89,[28.531314, 77.270686],45
534,41,11.3,10,0.6,121,[30.269444, 78.044167],55
535,99,11.8,10,10.3,91,[28.5648, 77.1744],46
536,57,3.5,15,5,101,[28.964949, 77.278761],46
537,99,11.8,10,10.3,91,[28.5648, 77.1744],46
538,124,na,9,na,240,[-6.182536, 106.834236],140
539,124,na,9,na,240,[-6.182536, 106.834236],140
540,124,na,9,na,240,[-6.182536, 106.834236],140
541,124,na,9,na,240,[-6.182536, 106.834236],140
542,124,na,9,na,240,[-6.182536, 106.834236],140
543,124,na,9,na,240,[-6.182536, 106.834236],140
544,124,na,9,na,240,[-6.182536, 106.834236],140
545,124,na,9,na,240,[-6.182536, 106.834236],140
546,124,na,9,na,240,[-6.182536, 106.834236],140
547,47,6,22,15,69,[34.5097412, 45.5740953],67
548,47,6,22,15,69,[34.5097412, 45.5740953],67
549,47,6,22,15,69,[34.5097412, 45.5740953],67
550,47,6,22,15,69,[34.5097412, 45.5740953],67
551,47,6,22,15,69,[34.5097412, 45.5740953],67
552,47,6,22,15,69,[34.5097412, 45.5740953],67
553,47,6,22,15,69,[34.5097412, 45.5740953],67
554,47,6,22,15,69,[34.5097412, 45.5740953],67
555,47,6,22,15,69,[34.5097412, 45.5740953],67
556,47,6,22,15,69,[34.5097412, 45.5740953],67
557,53,9,36,25.1,49,[31.79445, 35.21997],17
558,37,na,36,na,49,[31.789032, 35.202641],17
559,37,9,36,5.1,49,[31.768319, 35.21371],17
560,37,na,36,na,49,[31.789032, 35.202641],17
561,53,9,36,25.1,49,[31.79445, 35.21997],17
562,36,na,36,na,48,[31.65647, 35.11681],16
563,37,na,36,na,49,[31.75709, 35.21741],17
564,37,9,36,5.1,49,[31.768319, 35.21371],17
565,37,na,36,na,49,[31.789032, 35.202641],17
566,53,9,36,25.1,49,[31.79445, 35.21997],17
567,37,9,36,5.1,49,[31.768319, 35.21371],17
568,37,na,36,na,49,[31.75709, 35.21741],17
569,37,9,36,5.1,49,[31.768319, 35.21371],17
570,53,na,36,na,47,[41.8482263, 12.5759027],14
571,42,na,34,na,49,[41.8932669, 12.4753855],14
572,50,0.1,36,2.3,49,[41.9248746, 12.4934413],15
573,50,0.1,36,2.3,49,[41.9248746, 12.4934413],15
574,53,na,36,na,47,[41.8482263, 12.5759027],14
575,1,0.1,35,3.7,52,[45.4099034, 8.7875429],18
576,53,na,36,na,47,[41.8482263, 12.5759027],14
577,42,na,34,na,49,[41.8932669, 12.4753855],14
578,50,0.1,36,2.3,49,[41.9248746, 12.4934413],15
579,42,na,34,na,49,[41.8932669, 12.4753855],14
580,42,na,34,na,49,[41.8932669, 12.4753855],14
581,50,na,36,na,47,[41.9363397, 12.6544146],14
582,42,na,34,na,49,[41.8932669, 12.4753855],14
583,42,na,34,na,49,[41.8932669, 12.4753855],14
584,42,na,34,na,49,[41.8932669, 12.4753855],14
585,55,0.1,34,8.3,49,[41.9328321, 12.5012473],14
586,42,na,34,na,49,[41.8932669, 12.4753855],14
587,42,na,34,na,49,[41.8932669, 12.4753855],14
588,53,0.1,34,16.5,49,[41.9071831, 12.4466876],14
589,53,0.1,34,16.5,49,[41.9071831, 12.4466876],14
590,42,na,34,na,49,[41.8932669, 12.4753855],14
591,53,0.1,34,16.5,49,[41.9071831, 12.4466876],14
592,42,na,34,na,49,[41.8932669, 12.4753855],14
593,53,0.1,34,16.5,49,[41.9071831, 12.4466876],14
594,42,na,34,na,49,[41.8932669, 12.4753855],14
595,53,0.1,34,16.5,49,[41.9071831, 12.4466876],14
596,53,0.1,34,16.5,49,[41.9071831, 12.4466876],14
597,50,0.1,36,2.3,49,[41.9248746, 12.4934413],15
598,42,na,34,na,49,[41.8932669, 12.4753855],14
599,42,na,34,na,49,[41.8932669, 12.4753855],14
600,16,2.3,31,14.9,95,[35.7334675, 139.7551411],44
601,10,3.4,16,7.5,91,[35.6622228, 139.4280321],44
602,6,5.6,31,13,113,[35.6422723, 139.7354456],50
603,12,4.5,31,13.9,113,[35.6639824, 139.6979483],50
604,12,4.5,31,13.9,113,[35.6639824, 139.6979483],50
605,12,4.5,31,13.9,113,[35.6639824, 139.6979483],50
606,6,5.6,31,13,113,[35.6422723, 139.7354456],50
607,7,1.2,24,4.7,112,[35.5213336, 139.4078666],44
608,10,2.3,31,5.6,93,[35.7003943, 139.6824123],42
609,5,2.3,27,6.5,110,[35.3728393, 139.3847442],42
610,12,4.5,31,13.9,113,[35.6639824, 139.6979483],50
611,10,6.7,31,6.5,93,[35.6905576, 139.6022801],42
612,16,2.3,31,14.9,95,[35.7334675, 139.7551411],44
613,14,3.4,31,17.6,95,[35.692745, 139.7680749],44
614,16,2.3,31,14.9,95,[35.7334675, 139.7551411],44
615,11,2.3,31,10.2,95,[35.7193411, 139.7347261],44
616,9,3.4,30,5.6,102,[35.6516036, 139.595188],42
617,25,na,34,na,34,[32.022758, 35.847744],16
618,46,na,34,na,34,[31.94502, 35.8805],16
619,26,na,34,na,34,[31.987677, 35.823448],16
620,25,na,34,na,34,[32.022758, 35.847744],16
621,46,na,34,na,34,[31.94502, 35.8805],16
622,25,na,34,na,34,[32.022758, 35.847744],16
623,9,3.4,12,6.2,92,[51.125286, 71.46722],42
624,9,3.4,12,6.2,92,[51.125286, 71.46722],42
625,9,3.4,12,6.2,92,[51.125286, 71.46722],42
626,143,na,6,na,58,[-1.23437, 36.81732],33
627,143,na,6,na,58,[-1.23437, 36.81732],33
628,143,na,6,na,58,[-1.23437, 36.81732],33
629,143,na,6,na,58,[-1.23437, 36.81732],33
630,143,na,6,na,58,[-1.23437, 36.81732],33
631,143,na,6,na,58,[-1.23437, 36.81732],33
632,143,na,6,na,58,[-1.23437, 36.81732],33
633,143,na,6,na,58,[-1.23437, 36.81732],33
634,143,na,6,na,58,[-1.23437, 36.81732],33
635,143,na,6,na,58,[-1.23437, 36.81732],33
636,143,na,6,na,58,[-1.23437, 36.81732],33
637,143,na,6,na,58,[-1.23437, 36.81732],33
638,143,na,6,na,58,[-1.23437, 36.81732],33
639,61,na,14,na,87,[42.827625, 74.58384],57
640,61,na,14,na,87,[42.827625, 74.58384],57
641,61,na,14,na,87,[42.827625, 74.58384],57
642,61,na,14,na,87,[42.827625, 74.58384],57
643,61,na,14,na,87,[42.827625, 74.58384],57
644,61,na,14,na,87,[42.827625, 74.58384],57
645,87,na,24,na,20,[56.316814, 22.903861],5
646,87,na,24,na,20,[56.316814, 22.903861],5
647,87,na,24,na,20,[56.316814, 22.903861],5
648,87,na,24,na,20,[56.316814, 22.903861],5
649,87,na,24,na,20,[56.316814, 22.903861],5
650,87,na,24,na,20,[56.316814, 22.903861],5
651,87,na,24,na,20,[56.316814, 22.903861],5
652,87,na,24,na,20,[56.316814, 22.903861],5
653,87,na,24,na,20,[56.316814, 22.903861],5
654,87,na,24,na,20,[56.316814, 22.903861],5
655,87,na,24,na,20,[56.316814, 22.903861],5
656,87,na,24,na,20,[56.316814, 22.903861],5
657,87,na,24,na,20,[56.316814, 22.903861],5
658,1,na,24,na,20,[56.316814, 22.903861],5
659,1,na,24,na,20,[56.316814, 22.903861],5
660,1,na,24,na,20,[56.316814, 22.903861],5
661,1,na,24,na,20,[56.316814, 22.903861],5
662,48,na,36,na,41,[32.88966, 35.09703],19
663,48,na,36,na,41,[32.88966, 35.09703],19
664,48,na,36,na,41,[32.88966, 35.09703],19
665,48,na,36,na,41,[32.88966, 35.09703],19
666,48,na,36,na,41,[32.88966, 35.09703],19
667,48,na,36,na,41,[32.88966, 35.09703],19
668,48,na,36,na,41,[32.88966, 35.09703],19
669,48,na,36,na,41,[32.88966, 35.09703],19
670,55,na,4,na,69,[5.36, -4.0083],34
671,55,na,4,na,69,[5.36, -4.0083],34
672,55,na,4,na,69,[5.36, -4.0083],34
673,55,na,4,na,69,[5.36, -4.0083],34
674,46,na,29,na,25,[54.8878169, 23.845993],7
675,34,na,28,na,31,[54.7117424, 25.2974345],8
676,34,na,28,na,31,[54.7117424, 25.2974345],8
677,34,na,28,na,31,[54.7117424, 25.2974345],8
678,34,na,28,na,31,[54.7117424, 25.2974345],8
679,34,na,28,na,31,[54.7117424, 25.2974345],8
680,34,na,28,na,31,[54.7117424, 25.2974345],8
681,62,na,32,na,23,[55.6848552, 21.1840107],7
682,34,na,28,na,31,[54.7117424, 25.2974345],8
683,34,na,28,na,31,[54.7117424, 25.2974345],8
684,61,na,8,na,33,[-18.908479690552, 47.537509918213],12
685,61,na,8,na,33,[-18.908479690552, 47.537509918213],12
686,172,na,10,na,80,[23.796373, 90.424614],38
687,75,na,12,na,76,[3.321308, 101.256242],23
688,59,na,3,na,82,[3.15675, 101.72145],26
689,77,na,2,na,75,[3.133169, 101.608011],24
690,75,na,4,na,73,[3.212439, 101.682228],22
691,75,na,4,na,73,[3.212439, 101.682228],22
692,59,na,3,na,82,[3.15675, 101.72145],26
693,59,na,3,na,82,[3.15675, 101.72145],26
694,59,na,3,na,82,[3.15675, 101.72145],26
695,80,na,3,na,73,[2.821692, 101.811486],25
696,59,na,3,na,82,[3.15675, 101.72145],26
697,58,7.7,5,4,78,[8.5149093, 76.9435879],41
698,58,7.7,5,4,78,[8.5149093, 76.9435879],41
699,50,0.1,39,15.4,50,[35.897778, 14.489444],16
700,50,0.1,39,15.4,50,[35.897778, 14.489444],16
701,26,0.1,12,3.7,10,[27.772603802631, -15.541856141447],7
702,20,na,10,na,15,[-20.910583333333, 55.618916666667],11
703,59,8.9,14,29.7,95,[19.3262, -99.1761],41
704,59,8.9,14,29.7,95,[19.3262, -99.1761],41
705,53,2.3,16,16.7,77,[19.325146, -99.204136],34
706,59,3.4,14,17.6,95,[19.371612, -99.158969],41
707,10,10,16,38,77,[19.40405, -99.202603],34
708,57,4.5,15,15.8,79,[19.2721, -99.207658],40
709,10,10,16,38,77,[19.40405, -99.202603],34
710,59,3.4,14,17.6,95,[19.371612, -99.158969],41
711,63,8.9,14,29.7,83,[19.304441, -99.103629],39
712,59,3.4,14,17.6,95,[19.371612, -99.158969],41
713,10,10,16,38,77,[19.40405, -99.202603],34
714,10,10,16,38,77,[19.40405, -99.202603],34
715,53,2.3,16,16.7,77,[19.325146, -99.204136],34
716,80,5.6,14,27.8,68,[19.529077, -99.204597],28
717,57,4.5,15,15.8,79,[19.2721, -99.207658],40
718,80,5.6,14,27.8,68,[19.529077, -99.204597],28
719,68,5.6,14,28.8,95,[19.360794, -99.07388],41
720,63,8.9,14,29.7,83,[19.304441, -99.103629],39
721,80,5.6,14,27.8,68,[19.529077, -99.204597],28
722,80,5.6,14,27.8,68,[19.529077, -99.204597],28
723,80,5.6,14,27.8,68,[19.529077, -99.204597],28
724,68,6.7,14,30.6,95,[19.371612, -99.158969],41
725,61,na,9,na,38,[18.90861, -99.21167],15
726,59,3.4,16,26.9,77,[19.325146, -99.204136],34
727,80,5.6,14,27.8,68,[19.529077, -99.204597],28
728,59,3.4,16,26.9,77,[19.325146, -99.204136],34
729,59,8.9,14,29.7,95,[19.3262, -99.1761],41
730,59,3.4,16,26.9,77,[19.325146, -99.204136],34
731,68,6.7,14,30.6,95,[19.371612, -99.158969],41
732,63,8.9,14,29.7,83,[19.304441, -99.103629],39
733,10,10,16,38,77,[19.40405, -99.202603],34
734,59,8.9,14,29.7,95,[19.3262, -99.1761],41
735,59,8.9,14,29.7,95,[19.3262, -99.1761],41
736,68,6.7,14,30.6,95,[19.371612, -99.158969],41
737,68,6.7,14,30.6,95,[19.371612, -99.158969],41
738,72,2,11,39,57,[47.913429, 106.997907],32
739,56,5,9,4,173,[47.9329056, 106.9213833],148
740,56,5,9,4,173,[47.928387, 106.92947],148
741,39,na,9,na,173,[47.894281, 106.882475],148
742,46,4,11,12,56,[47.8664611, 107.1180194],32
743,51,1,9,16,173,[47.9176056, 106.9373611],148
744,52,na,32,na,28,[42.448087, 19.240889],8
745,52,na,32,na,28,[42.448087, 19.240889],8
746,52,na,32,na,28,[42.448087, 19.240889],8
747,52,na,32,na,28,[42.448087, 19.240889],8
748,52,na,32,na,28,[42.448087, 19.240889],8
749,52,na,32,na,28,[42.448087, 19.240889],8
750,52,na,32,na,28,[42.448087, 19.240889],8
751,52,na,32,na,28,[42.448087, 19.240889],8
752,52,na,32,na,28,[42.448087, 19.240889],8
753,52,na,32,na,28,[42.448087, 19.240889],8
754,52,na,32,na,28,[42.448087, 19.240889],8
755,33,na,41,na,49,[36.460594405413, -6.2030661968542],19
756,48,na,45,na,32,[36.233864730459, -5.6634960942353],11
757,48,na,45,na,32,[36.233864730459, -5.6634960942353],11
758,48,na,45,na,32,[36.233864730459, -5.6634960942353],11
759,48,na,45,na,32,[36.233864730459, -5.6634960942353],11
760,14,1.3,11,2.6,114,[-26.493348, 29.968054],45
761,12,na,7,na,9,[-31.398641, 19.140214],8
762,12,na,7,na,9,[-31.398641, 19.140214],8
763,149,na,7,na,5,[-41.52663988, 173.95608203],2
764,105,na,8,na,3,[-39.6778, 175.80084],1
765,17,na,4,na,31,[9.949488, -84.142876],8
766,17,na,4,na,31,[9.949488, -84.142876],8
767,17,na,4,na,31,[9.949488, -84.142876],8
768,17,na,4,na,31,[9.949488, -84.142876],8
769,114,na,4,na,30,[12.304907, -1.497184],15
770,114,na,4,na,30,[12.304907, -1.497184],15
771,19,na,3,na,42,[9.0416479110718, 7.4773740768433],13
772,62,na,33,na,26,[59.9169444, 10.766],8
773,59,na,33,na,26,[59.93231, 10.72455],8
774,59,na,33,na,26,[59.93231, 10.72455],8
775,59,na,33,na,26,[59.93231, 10.72455],8
776,59,na,33,na,26,[59.93231, 10.72455],8
777,66,na,33,na,26,[59.914051, 10.735978],8
778,59,na,33,na,26,[59.93231, 10.72455],8
779,62,na,33,na,26,[59.9169444, 10.766],8
780,66,na,33,na,26,[59.914051, 10.735978],8
781,66,na,33,na,26,[59.92305, 10.76574],8
782,59,na,33,na,26,[59.93231, 10.72455],8
783,59,na,33,na,26,[59.93231, 10.72455],8
784,66,na,33,na,26,[59.92305, 10.76574],8
785,66,na,33,na,26,[59.92305, 10.76574],8
786,58,na,32,na,26,[58.14888, 7.99183],7
787,96,na,31,na,138,[24.219, 55.7348],97
788,97,na,20,na,125,[33.7235, 73.11822],52
789,97,na,20,na,125,[33.7235, 73.11822],52
790,97,na,20,na,125,[33.7235, 73.11822],52
791,97,na,20,na,125,[33.7235, 73.11822],52
792,97,na,20,na,125,[33.7235, 73.11822],52
793,97,na,20,na,125,[33.7235, 73.11822],52
794,97,na,20,na,125,[33.7235, 73.11822],52
795,97,na,20,na,125,[33.7235, 73.11822],52
796,93,na,8,na,157,[24.8415, 67.0091],140
797,97,na,20,na,125,[33.7235, 73.11822],52
798,97,na,20,na,125,[33.7235, 73.11822],52
799,97,na,20,na,125,[33.7235, 73.11822],52
800,97,na,20,na,125,[33.7235, 73.11822],52
801,97,na,20,na,125,[33.7235, 73.11822],52
802,97,na,20,na,125,[33.7235, 73.11822],52
803,97,na,20,na,125,[33.7235, 73.11822],52
804,97,na,20,na,125,[33.7235, 73.11822],52
805,97,na,20,na,125,[33.7235, 73.11822],52
806,97,na,20,na,125,[33.7235, 73.11822],52
807,17,na,4,na,31,[9.949488, -84.142876],8
808,17,na,4,na,31,[9.949488, -84.142876],8
809,17,na,4,na,31,[9.949488, -84.142876],8
810,17,na,4,na,31,[9.949488, -84.142876],8
811,10,na,3,na,111,[-22.119936735, -51.408777068],39
812,10,na,3,na,111,[-22.119936735, -51.408777068],39
813,59,na,10,na,61,[-12.16639, -76.92],33
814,29,na,5,na,80,[-12.04302, -76.97144],37
815,2,na,10,na,59,[-12.10859, -77.00769],27
816,6,na,10,na,59,[-12.07054, -77.04322],27
817,2,na,10,na,59,[-12.10859, -77.00769],27
818,29,na,5,na,80,[-12.04302, -76.97144],37
819,6,na,10,na,59,[-12.07054, -77.04322],27
820,34,na,2,na,21,[6.4369602, -75.3303986],6
821,2,na,10,na,59,[-12.10859, -77.00769],27
822,29,na,5,na,80,[-12.04302, -76.97144],37
823,33,na,4,na,7,[-0.333949, -78.553416],3
824,2,na,10,na,59,[-12.10859, -77.00769],27
825,2,na,10,na,59,[-12.10859, -77.00769],27
826,25,na,9,na,62,[-12.00889, -77.08447],28
827,6,na,10,na,59,[-12.07054, -77.04322],27
828,6,na,10,na,59,[-12.07054, -77.04322],27
829,29,na,5,na,80,[-12.04302, -76.97144],37
830,25,na,9,na,62,[-12.00889, -77.08447],28
831,6,na,10,na,59,[-12.07054, -77.04322],27
832,29,na,5,na,80,[-12.04302, -76.97144],37
833,17,0.7,9,0.8,44,[21.958069, 120.788928],15
834,17,0.7,9,0.8,44,[21.958069, 120.788928],15
835,17,0.7,9,0.8,44,[21.958069, 120.788928],15
836,17,0.7,9,0.8,44,[21.958069, 120.788928],15
837,17,0.7,9,0.8,44,[21.958069, 120.788928],15
838,17,0.7,9,0.8,44,[21.958069, 120.788928],15
839,17,0.7,9,0.8,44,[21.958069, 120.788928],15
840,17,0.7,9,0.8,44,[21.958069, 120.788928],15
841,17,0.7,9,0.8,44,[21.958069, 120.788928],15
842,17,0.7,9,0.8,44,[21.958069, 120.788928],15
843,17,0.7,9,0.8,44,[21.958069, 120.788928],15
844,17,0.7,9,0.8,44,[21.958069, 120.788928],15
845,17,0.7,9,0.8,44,[21.958069, 120.788928],15
846,17,0.7,9,0.8,44,[21.958069, 120.788928],15
847,17,0.7,9,0.8,44,[21.958069, 120.788928],15
848,17,0.7,9,0.8,44,[21.958069, 120.788928],15
849,17,0.7,9,0.8,44,[21.958069, 120.788928],15
850,17,0.7,9,0.8,44,[21.958069, 120.788928],15
851,60,0.1,28,30.8,63,[52.225171, 21.014783],20
852,60,0.1,28,30.8,63,[52.225171, 21.014783],20
853,60,0.1,28,30.8,63,[52.225171, 21.014783],20
854,63,1.1,28,8.7,63,[52.290915, 21.042459],20
855,59,na,39,na,67,[52.191789, 20.837494],21
856,58,1.9,40,3.2,60,[52.160838, 21.033815],18
857,60,0.1,28,30.8,63,[52.225171, 21.014783],20
858,63,1.1,28,8.7,63,[52.290915, 21.042459],20
859,60,0.1,28,30.8,63,[52.225171, 21.014783],20
860,58,1.9,40,3.2,60,[52.160838, 21.033815],18
861,63,1.1,28,8.7,63,[52.290915, 21.042459],20
862,58,1.9,40,3.2,60,[52.160838, 21.033815],18
863,60,0.1,28,30.8,63,[52.225171, 21.014783],20
864,60,0.1,28,30.8,63,[52.225171, 21.014783],20
865,60,0.1,28,30.8,63,[52.225171, 21.014783],20
866,60,0.1,28,30.8,63,[52.225171, 21.014783],20
867,60,0.1,28,30.8,63,[52.225171, 21.014783],20
868,60,0.1,28,30.8,63,[52.225171, 21.014783],20
869,22,na,24,na,40,[38.748611111111, -9.1488888888889],12
870,22,na,24,na,40,[38.748611111111, -9.1488888888889],12
871,22,na,24,na,40,[38.748611111111, -9.1488888888889],12
872,22,na,24,na,40,[38.748611111111, -9.1488888888889],12
873,22,na,24,na,40,[38.748611111111, -9.1488888888889],12
874,22,na,24,na,40,[38.748611111111, -9.1488888888889],12
875,22,na,24,na,40,[38.748611111111, -9.1488888888889],12
876,22,na,24,na,40,[38.748611111111, -9.1488888888889],12
877,20,na,24,na,49,[41.274166666667, -8.3761111111111],15
878,22,na,24,na,40,[38.748611111111, -9.1488888888889],12
879,22,na,24,na,40,[38.748611111111, -9.1488888888889],12
880,22,na,24,na,40,[38.748611111111, -9.1488888888889],12
881,22,na,24,na,40,[38.748611111111, -9.1488888888889],12
882,22,na,24,na,40,[38.748611111111, -9.1488888888889],12
883,109,na,26,na,120,[25.3337, 51.22953],102
884,109,na,26,na,120,[25.3337, 51.22953],102
885,109,na,26,na,120,[25.3337, 51.22953],102
886,3,na,21,na,19,[53.347863, -6.243785],8
887,3,na,21,na,19,[53.347863, -6.243785],8
888,21,na,26,na,16,[53.286763, -6.173349],6
889,1,na,21,na,19,[53.343628, -6.270197],8
890,1,na,21,na,19,[53.343628, -6.270197],8
891,21,na,21,na,19,[53.336295000214, -6.3090199999589],8
892,22,na,21,na,30,[53.385636000137, -6.3699340002986],10
893,3,na,21,na,19,[53.347863, -6.243785],8
894,1,na,21,na,19,[53.343628, -6.270197],8
895,22,na,21,na,19,[53.345840000035, -6.2947949995684],8
896,1,na,21,na,19,[53.343628, -6.270197],8
897,19,na,25,na,15,[53.280541000076, -6.3588420002256],6
898,21,na,26,na,16,[53.286763, -6.173349],6
899,3,na,21,na,19,[53.347863, -6.243785],8
900,20,na,21,na,19,[53.338252, -6.280805],8
901,23,na,25,na,14,[53.311838999844, -6.2353160004029],5
902,3,na,21,na,19,[53.347863, -6.243785],8
903,1,na,21,na,19,[53.343628, -6.270197],8
904,21,na,26,na,16,[53.286763, -6.173349],6
905,3,na,21,na,19,[53.347863, -6.243785],8
906,16,na,21,na,30,[53.318902, -6.32176],10
907,1,na,21,na,19,[53.343628, -6.270197],8
908,27,na,21,na,19,[53.322562, -6.237014],8
909,27,na,21,na,19,[53.322562, -6.237014],8
910,20,na,21,na,19,[53.338252, -6.280805],8
911,21,na,26,na,16,[53.286763, -6.173349],6
912,3,na,21,na,19,[53.347863, -6.243785],8
913,1,na,21,na,19,[53.343628, -6.270197],8
914,3,na,21,na,19,[53.347863, -6.243785],8
915,18,na,21,na,19,[53.33192, -6.215766],8
916,1,na,21,na,19,[53.343628, -6.270197],8
917,3,na,21,na,19,[53.347863, -6.243785],8
918,15,na,31,na,42,[44.4185543, 26.1615982],12
919,45,na,31,na,45,[44.4258997, 26.0544366],13
920,45,na,31,na,45,[44.4258997, 26.0544366],13
921,45,na,31,na,45,[44.4258997, 26.0544366],13
922,49,na,30,na,45,[44.4556327, 26.0251529],13
923,45,na,31,na,45,[44.4258997, 26.0544366],13
924,45,na,31,na,45,[44.4258997, 26.0544366],13
925,45,na,31,na,45,[44.4258997, 26.0544366],13
926,15,na,31,na,42,[44.4185543, 26.1615982],12
927,45,na,31,na,45,[44.4258997, 26.0544366],13
928,15,na,31,na,42,[44.4185543, 26.1615982],12
929,15,na,31,na,42,[44.4185543, 26.1615982],12
930,45,na,31,na,45,[44.4258997, 26.0544366],13
931,45,na,31,na,45,[44.4258997, 26.0544366],13
932,45,na,31,na,45,[44.4258997, 26.0544366],13
933,45,na,31,na,45,[44.4258997, 26.0544366],13
934,49,na,30,na,45,[44.4556327, 26.0251529],13
935,2,2.1,17,14.2,51,[55.718774, 37.570271],18
936,32,13,17,11,51,[55.76385, 37.6621],18
937,77,0.3,17,5.1,34,[55.708638, 37.479385],10
938,32,1.6,17,15.6,51,[55.759354, 37.595584],18
939,32,1.6,17,15.6,51,[55.759354, 37.595584],18
940,77,0.3,17,5.1,34,[55.708638, 37.479385],10
941,1,1.3,18,13.3,36,[55.535478, 37.57936],10
942,77,0.3,17,5.1,34,[55.708638, 37.479385],10
943,32,1.6,17,15.6,51,[55.759354, 37.595584],18
944,77,0.3,17,5.1,34,[55.708638, 37.479385],10
945,32,13,17,11,51,[55.76385, 37.6621],18
946,32,13,17,11,51,[55.76385, 37.6621],18
947,32,1.6,17,15.6,51,[55.759354, 37.595584],18
948,32,1.6,17,15.6,51,[55.759354, 37.595584],18
949,32,13,17,11,51,[55.76385, 37.6621],18
950,4,3.9,17,41.6,35,[55.688043, 37.863004],11
951,2,2.1,17,14.2,51,[55.718774, 37.570271],18
952,32,1.6,17,15.6,51,[55.759354, 37.595584],18
953,32,1.6,17,15.6,51,[55.759354, 37.595584],18
954,32,1.6,17,15.6,51,[55.759354, 37.595584],18
955,77,0.3,17,5.1,34,[55.708638, 37.479385],10
956,77,0.3,17,5.1,34,[55.708638, 37.479385],10
957,77,0.3,17,5.1,34,[55.708638, 37.479385],10
958,32,1.6,17,15.6,51,[55.759354, 37.595584],18
959,32,1.6,17,15.6,51,[55.759354, 37.595584],18
960,2,2.1,17,14.2,51,[55.718774, 37.570271],18
961,32,1.6,17,15.6,51,[55.759354, 37.595584],18
962,77,0.3,17,5.1,34,[55.708638, 37.479385],10
963,32,1.6,17,15.6,51,[55.759354, 37.595584],18
964,4,3.9,17,41.6,35,[55.688043, 37.863004],11
965,2,2.1,17,14.2,51,[55.718774, 37.570271],18
966,32,1.6,17,15.6,51,[55.759354, 37.595584],18
967,32,1.6,17,15.6,51,[55.759354, 37.595584],18
968,32,13,17,11,51,[55.76385, 37.6621],18
969,32,1.6,17,15.6,51,[55.759354, 37.595584],18
970,2,2.1,17,14.2,51,[55.718774, 37.570271],18
971,32,1.6,17,15.6,51,[55.759354, 37.595584],18
972,2,2.1,17,14.2,51,[55.718774, 37.570271],18
973,77,0.3,17,5.1,34,[55.708638, 37.479385],10
974,2,1.9,21,8.7,16,[55.994145, 37.172252],5
975,77,0.3,17,5.1,34,[55.708638, 37.479385],10
976,32,13,17,11,51,[55.76385, 37.6621],18
977,32,1.6,17,15.6,51,[55.759354, 37.595584],18
978,2,2.1,17,14.2,51,[55.718774, 37.570271],18
979,2,2.1,17,14.2,51,[55.718774, 37.570271],18
980,32,1.6,17,15.6,51,[55.759354, 37.595584],18
981,32,1.6,17,15.6,51,[55.759354, 37.595584],18
982,32,1.6,17,15.6,51,[55.759354, 37.595584],18
983,32,1.6,17,15.6,51,[55.759354, 37.595584],18
984,32,13,17,11,51,[55.76385, 37.6621],18
985,77,0.3,17,5.1,34,[55.708638, 37.479385],10
986,32,13,17,11,51,[55.76385, 37.6621],18
987,32,13,17,11,51,[55.76385, 37.6621],18
988,77,0.3,17,5.1,34,[55.708638, 37.479385],10
989,95,na,6,na,68,[-1.936231, 30.077951],27
990,95,na,6,na,68,[-1.936231, 30.077951],27
991,29,na,8,na,18,[18.070114, -63.081481],8
992,29,na,8,na,18,[18.070114, -63.081481],8
993,29,na,8,na,18,[18.070114, -63.081481],8
994,38,na,6,na,19,[14.468867, -60.927389],10
995,38,na,6,na,19,[14.468867, -60.927389],10
996,80,na,26,na,131,[26.204697, 50.57083],101
997,80,na,26,na,131,[26.204697, 50.57083],101
998,80,na,26,na,131,[26.204697, 50.57083],101
999,80,na,26,na,131,[26.204697, 50.57083],101
1000,80,na,26,na,131,[26.204697, 50.57083],101
1001,80,na,26,na,131,[26.204697, 50.57083],101
1002,80,na,26,na,131,[26.204697, 50.57083],101
1003,80,na,26,na,131,[26.204697, 50.57083],101
1004,80,na,26,na,131,[26.204697, 50.57083],101
1005,80,na,26,na,131,[26.204697, 50.57083],101
1006,24,na,13,na,8,[27.831949454874, -17.921644512378],6
1007,24,na,13,na,8,[27.831949454874, -17.921644512378],6
1008,24,na,13,na,8,[27.831949454874, -17.921644512378],6
1009,73,1.9,37,26.7,69,[44.821, 20.459222222222],23
1010,55,1.3,37,6.3,69,[44.82112, 20.459113],23
1011,73,1.9,37,26.7,69,[44.821, 20.459222222222],23
1012,58,na,31,na,49,[44.796959, 20.475288],14
1013,73,1.9,37,26.7,69,[44.821, 20.459222222222],23
1014,58,na,31,na,49,[44.796959, 20.475288],14
1015,61,4.9,31,14.8,49,[44.794262, 20.463173],14
1016,57,na,31,na,49,[44.777237, 20.457029],14
1017,73,1.9,37,26.7,69,[44.821, 20.459222222222],23
1018,63,4.4,31,4.3,49,[44.796427, 20.486154],14
1019,57,na,31,na,49,[44.777237, 20.457029],14
1020,61,na,37,na,72,[44.835246, 20.403299],25
1021,58,na,31,na,49,[44.796959, 20.475288],14
1022,56,2.6,31,7,49,[44.788646, 20.444507],14
1023,54,2.9,37,3.5,72,[44.803111111111, 20.400027777778],24
1024,73,1.9,37,26.7,69,[44.821, 20.459222222222],23
1025,57,na,31,na,49,[44.777237, 20.457029],14
1026,55,1.3,37,6.3,69,[44.82112, 20.459113],23
1027,55,na,4,na,69,[5.36, -4.0083],34
1028,55,na,4,na,69,[5.36, -4.0083],34
1029,55,na,4,na,69,[5.36, -4.0083],34
1030,74,2.2,36,11.9,44,[48.1448688, 17.1130846],12
1031,85,2.3,36,3.2,44,[48.1684184, 17.1078752],12
1032,74,2.2,36,11.9,44,[48.1448688, 17.1130846],12
1033,74,2.2,36,11.9,44,[48.1448688, 17.1130846],12
1034,74,2.2,36,11.9,44,[48.1448688, 17.1130846],12
1035,85,2.3,36,3.2,44,[48.1684184, 17.1078752],12
1036,85,2.3,36,3.2,44,[48.1684184, 17.1078752],12
1037,59,na,41,na,51,[46.037791, 14.494001],15
1038,59,na,41,na,51,[46.037791, 14.494001],15
1039,65,na,44,na,53,[45.955569063015, 13.652389822931],15
1040,63,0.1,38,3.7,56,[46.065851, 14.517454],17
1041,82,na,7,na,11,[-21.1595, 149.1549],5
1042,143,na,6,na,58,[-1.23437, 36.81732],33
1043,143,na,6,na,58,[-1.23437, 36.81732],33
1044,21,na,7,na,25,[-33.9155, 18.643556],13
1045,25,na,7,na,25,[-33.9025, 18.565194],13
1046,6,6.3,8,1.8,17,[-33.927546, 18.482759],10
1047,43,na,9,na,12,[-33.913833, 18.425167],8
1048,49,na,39,na,50,[35.8555556, 14.5333333],16
1049,6,6.3,8,1.8,17,[-33.927546, 18.482759],10
1050,6,6.3,8,1.8,17,[-33.927546, 18.482759],10
1051,6,6.3,8,1.8,17,[-33.927546, 18.482759],10
1052,6,6.3,8,1.8,17,[-33.927546, 18.482759],10
1053,43,na,9,na,12,[-33.913833, 18.425167],8
1054,6,6.3,8,1.8,17,[-33.927546, 18.482759],10
1055,95,na,6,na,68,[-1.936231, 30.077951],27
1056,30,0.1,22,8.3,32,[40.4167754, -3.7037902],10
1057,30,0.1,22,8.3,32,[40.4167754, -3.7037902],10
1058,30,0.1,22,8.3,32,[40.4167754, -3.7037902],10
1059,30,0.1,22,8.3,32,[40.4167754, -3.7037902],10
1060,9,na,22,na,32,[40.445542, -3.707129],10
1061,30,0.1,22,8.3,32,[40.4167754, -3.7037902],10
1062,59,0.1,24,15.6,72,[41.38534, 2.153822],38
1063,63,0.1,25,9.2,33,[40.421562, -3.682319],10
1064,25,na,22,na,31,[40.419352, -3.747346],10
1065,30,0.1,22,8.3,32,[40.4167754, -3.7037902],10
1066,21,na,22,na,32,[40.439891, -3.690366],10
1067,63,0.1,25,9.2,33,[40.421562, -3.682319],10
1068,9,na,22,na,32,[40.445542, -3.707129],10
1069,53,na,18,na,74,[21.543486, 39.17299],54
1070,53,na,18,na,74,[21.543486, 39.17299],54
1071,53,na,18,na,74,[21.543486, 39.17299],54
1072,53,na,18,na,74,[21.543486, 39.17299],54
1073,53,na,18,na,74,[21.543486, 39.17299],54
1074,53,na,18,na,74,[21.543486, 39.17299],54
1075,53,na,18,na,74,[21.543486, 39.17299],54
1076,53,na,18,na,74,[21.543486, 39.17299],54
1077,53,na,18,na,74,[21.543486, 39.17299],54
1078,53,na,18,na,74,[21.543486, 39.17299],54
1079,53,na,18,na,74,[21.543486, 39.17299],54
1080,53,na,18,na,74,[21.543486, 39.17299],54
1081,15,na,4,na,3,[5.16425, -52.6465],2
1082,39,na,34,na,29,[59.44592161984784, 17.95499263300909],8
1083,27,na,34,na,30,[59.3146033825323, 18.0771383476735],9
1084,29,0.1,30,11.7,31,[59.3408269502832, 18.0582536812784],9
1085,29,0.1,30,11.7,31,[59.3408269502832, 18.0582536812784],9
1086,29,0.1,30,11.7,31,[59.3408269502832, 18.0582536812784],9
1087,15,na,30,na,31,[59.31330008340998, 18.004038969950518],9
1088,49,na,30,na,31,[59.340500235637215, 18.037016134124812],9
1089,29,0.1,30,11.7,31,[59.3408269502832, 18.0582536812784],9
1090,27,na,34,na,30,[59.3146033825323, 18.0771383476735],9
1091,41,na,29,na,31,[46.951111111111, 7.4408333333333],10
1092,47,na,31,na,38,[47.438727425121, 8.5701197998635],15
1093,41,na,29,na,31,[46.951111111111, 7.4408333333333],10
1094,35,na,37,na,38,[32.557751, 35.845016],13
1095,35,na,37,na,38,[32.557751, 35.845016],13
1096,35,na,37,na,38,[32.557751, 35.845016],13
1097,35,na,37,na,38,[32.557751, 35.845016],13
1098,104,na,13,na,89,[38.55767, 68.77592],54
1099,104,na,13,na,89,[38.55767, 68.77592],54
1100,104,na,13,na,89,[38.55767, 68.77592],54
1101,104,na,13,na,89,[38.55767, 68.77592],54
1102,143,na,6,na,58,[-1.23437, 36.81732],33
1103,143,na,6,na,58,[-1.23437, 36.81732],33
1104,68,0.1,1,15,82,[13.729852, 100.536501],26
1105,68,0.1,1,15,82,[13.729852, 100.536501],26
1106,65,na,1,na,68,[13.666183, 100.605742],20
1107,68,0.1,1,15,82,[13.729852, 100.536501],26
1108,61,0.1,1,12.7,82,[13.7563309, 100.5017651],26
1109,46,na,1,na,72,[13.779873, 100.646009],22
1110,70,na,1,na,84,[13.7054879, 100.315622],26
1111,78,na,1,na,82,[13.727622, 100.486568],26
1112,61,0.1,1,12.7,82,[13.7563309, 100.5017651],26
1113,55,0.1,1,13.3,79,[13.907861, 100.535641],24
1114,61,0.1,1,12.7,82,[13.7563309, 100.5017651],26
1115,70,na,1,na,84,[13.7054879, 100.315622],26
1116,59,0.1,1,7.5,80,[14.03742, 100.605216],25
1117,30,0.1,4,4.7,31,[13.428581, 100.024664],19
1118,59,0.1,1,7.5,80,[14.03742, 100.605216],25
1119,61,0.1,1,12.7,82,[13.7563309, 100.5017651],26
1120,61,0.1,1,12.7,82,[13.7563309, 100.5017651],26
1121,68,0.1,1,15,82,[13.729852, 100.536501],26
1122,50,0.1,1,16.7,82,[13.8069333, 100.5355167],26
1123,55,0.1,1,13.3,79,[13.907861, 100.535641],24
1124,61,0.1,1,12.7,82,[13.7563309, 100.5017651],26
1125,53,0.1,1,9.8,65,[14.526343, 100.926047],18
1126,61,0.1,1,12.7,72,[13.769634, 100.614567],22
1127,61,0.1,1,12.7,72,[13.769634, 100.614567],22
1128,46,na,1,na,72,[13.779873, 100.646009],22
1129,50,0.1,1,16.7,82,[13.8069333, 100.5355167],26
1130,57,0.1,1,8.1,68,[13.652141, 100.531805],19
1131,55,0.1,1,13.3,79,[13.907861, 100.535641],24
1132,55,0.1,1,13.3,79,[13.907861, 100.535641],24
1133,93,0.1,1,12.7,82,[13.76251667, 100.5502],26
1134,46,0.1,1,12.7,72,[13.7954248, 100.5930298],22
1135,55,0.1,1,13.3,79,[13.907861, 100.535641],24
1136,78,0.1,1,15,72,[13.77553, 100.569195],22
1137,46,na,1,na,72,[13.779873, 100.646009],22
1138,55,0.1,1,13.3,79,[13.907861, 100.535641],24
1139,61,0.1,1,12.7,72,[13.769634, 100.614567],22
1140,78,0.1,1,15,72,[13.77553, 100.569195],22
1141,59,0.1,1,7.5,80,[14.03742, 100.605216],25
1142,39,na,4,na,113,[6.4404830932617, 3.4068150520325],55
1143,51,na,44,na,41,[36.0611111, 14.2091667],13
1144,51,na,44,na,41,[36.0611111, 14.2091667],13
1145,51,na,44,na,41,[36.0611111, 14.2091667],13
1146,51,na,44,na,41,[36.0611111, 14.2091667],13
1147,51,na,44,na,41,[36.0611111, 14.2091667],13
1148,51,na,44,na,41,[36.0611111, 14.2091667],13
1149,51,na,44,na,41,[36.0611111, 14.2091667],13
1150,51,na,44,na,41,[36.0611111, 14.2091667],13
1151,16,8.6,25,8.5,22,[39.861041, 32.640589],7
1152,30,15.4,25,6.9,38,[39.91832282586664, 32.82290472883654],11
1153,25,7.3,25,4.5,38,[39.857433511507764, 32.858460545539835],11
1154,30,15.4,25,6.9,38,[39.91832282586664, 32.82290472883654],11
1155,59,15.4,25,39.3,38,[39.92706513272927, 32.86001400920846],11
1156,16,8.6,25,8.5,22,[39.861041, 32.640589],7
1157,35,6.6,25,8.9,25,[39.953754, 32.726386],8
1158,35,6.6,25,8.9,25,[39.953754, 32.726386],8
1159,16,8.6,25,8.5,22,[39.861041, 32.640589],7
1160,30,15.4,25,6.9,38,[39.91832282586664, 32.82290472883654],11
1161,30,15.4,25,6.9,38,[39.91832282586664, 32.82290472883654],11
1162,59,15.4,25,39.3,38,[39.92706513272927, 32.86001400920846],11
1163,63,na,16,na,62,[37.9415, 58.3879],53
1164,63,na,16,na,62,[37.9415, 58.3879],53
1165,63,na,16,na,62,[37.9415, 58.3879],53
1166,63,na,16,na,62,[37.9415, 58.3879],53
1167,63,na,16,na,62,[37.9415, 58.3879],53
1168,63,na,16,na,62,[37.9415, 58.3879],53
1169,63,na,16,na,62,[37.9415, 58.3879],53
1170,95,na,6,na,68,[-1.936231, 30.077951],27
1171,95,na,6,na,68,[-1.936231, 30.077951],27
1172,95,na,6,na,68,[-1.936231, 30.077951],27
1173,95,na,6,na,68,[-1.936231, 30.077951],27
1174,95,na,6,na,68,[-1.936231, 30.077951],27
1175,95,na,6,na,68,[-1.936231, 30.077951],27
1176,95,na,6,na,68,[-1.936231, 30.077951],27
1177,95,na,6,na,68,[-1.936231, 30.077951],27
1178,95,na,6,na,68,[-1.936231, 30.077951],27
1179,95,na,6,na,68,[-1.936231, 30.077951],27
1180,95,na,6,na,68,[-1.936231, 30.077951],27
1181,95,na,6,na,68,[-1.936231, 30.077951],27
1182,95,na,6,na,68,[-1.936231, 30.077951],27
1183,95,na,6,na,68,[-1.936231, 30.077951],27
1184,95,na,6,na,68,[-1.936231, 30.077951],27
1185,95,na,6,na,68,[-1.936231, 30.077951],27
1186,95,na,6,na,68,[-1.936231, 30.077951],27
1187,95,na,6,na,68,[-1.936231, 30.077951],27
1188,95,na,6,na,68,[-1.936231, 30.077951],27
1189,95,na,6,na,68,[-1.936231, 30.077951],27
1190,95,na,6,na,68,[-1.936231, 30.077951],27
1191,95,na,6,na,68,[-1.936231, 30.077951],27
1192,95,na,6,na,68,[-1.936231, 30.077951],27
1193,95,na,6,na,68,[-1.936231, 30.077951],27
1194,95,na,6,na,68,[-1.936231, 30.077951],27
1195,95,na,6,na,68,[-1.936231, 30.077951],27
1196,95,na,6,na,68,[-1.936231, 30.077951],27
1197,95,na,6,na,68,[-1.936231, 30.077951],27
1198,95,na,6,na,68,[-1.936231, 30.077951],27
1199,95,na,6,na,68,[-1.936231, 30.077951],27
1200,95,na,6,na,68,[-1.936231, 30.077951],27
1201,2,na,28,na,28,[47.2, 27.783333],7
1202,2,na,28,na,28,[47.2, 27.783333],7
1203,36,na,32,na,39,[42.029078040164, 35.1552890251045],12
1204,2,na,28,na,28,[47.2, 27.783333],7
1205,2,na,28,na,28,[47.2, 27.783333],7
1206,23,na,15,na,18,[38.605, -28.631388888889],7
1207,2,na,28,na,28,[47.2, 27.783333],7
1208,2,na,28,na,28,[47.2, 27.783333],7
1209,2,na,28,na,28,[47.2, 27.783333],7
1210,2,na,28,na,28,[47.2, 27.783333],7
1211,2,na,28,na,28,[47.2, 27.783333],7
1212,2,na,28,na,28,[47.2, 27.783333],7
1213,2,na,28,na,28,[47.2, 27.783333],7
1214,2,na,28,na,28,[47.2, 27.783333],7
1215,2,na,28,na,28,[47.2, 27.783333],7
1216,2,na,28,na,28,[47.2, 27.783333],7
1217,2,na,28,na,28,[47.2, 27.783333],7
1218,2,na,28,na,28,[47.2, 27.783333],7
1219,2,na,28,na,28,[47.2, 27.783333],7
1220,86,0.1,31,3.8,134,[24.403725901797, 54.516212598318],96
1221,93,na,24,na,138,[25.25848, 55.309166],87
1222,113,na,31,na,138,[24.259283538347, 55.704940681812],97
1223,43,na,32,na,128,[24.484653749994, 54.364735330707],93
1224,33,na,28,na,23,[48.3545, 2.64536],7
1225,43,na,32,na,128,[24.484653749994, 54.364735330707],93
1226,18,na,25,na,52,[51.5013906712066, -0.0782034373606952],15
1227,20,na,25,na,50,[51.4563, 0.085606],15
1228,17,na,25,na,52,[51.4922482333024, -0.147114752900186],15
1229,5,na,25,na,50,[51.490532, 0.074003],15
1230,17,na,25,na,52,[51.4922482333024, -0.147114752900186],15
1231,33,2.3,25,5.7,52,[51.52229, -0.125889],15
1232,20,na,21,na,19,[54.59965, -5.928833],6
1233,5,na,25,na,50,[51.490532, 0.074003],15
1234,23,na,25,na,52,[51.520225273171, -0.0961060474176381],15
1235,22,2.7,24,6.4,32,[51.489398, -0.310081],9
1236,5,na,24,na,32,[51.476168, -0.230427],9
1237,10,na,25,na,52,[51.5277066194645, -0.129053205282516],15
1238,5,na,25,na,50,[51.490532, 0.074003],15
1239,7,na,24,na,50,[51.472504, -0.012381],15
1240,46,2.8,25,27.5,52,[51.52253, -0.154611],15
1241,33,2.3,25,5.7,52,[51.52229, -0.125889],15
1242,20,na,23,na,22,[55.91796, -4.406231],8
1243,10,na,25,na,52,[51.5277066194645, -0.129053205282516],15
1244,25,na,25,na,52,[51.4931557048667, -0.101527038274853],15
1245,10,na,25,na,52,[51.5277066194645, -0.129053205282516],15
1246,10,na,25,na,52,[51.5277066194645, -0.129053205282516],15
1247,33,2.3,25,5.7,52,[51.52229, -0.125889],15
1248,46,2.8,25,27.5,52,[51.52253, -0.154611],15
1249,33,2.3,25,5.7,52,[51.52229, -0.125889],15
1250,34,2.3,25,23.8,52,[51.5073509, -0.1277583],15
1251,10,na,25,na,52,[51.5277066194645, -0.129053205282516],15
1252,23,na,25,na,52,[51.520225273171, -0.0961060474176381],15
1253,23,na,25,na,52,[51.520225273171, -0.0961060474176381],15
1254,34,na,24,na,50,[51.4795312838203, -0.0252606031340197],15
1255,18,na,25,na,52,[51.5013906712066, -0.0782034373606952],15
1256,9,na,25,na,52,[51.557895, -0.106989],15
1257,46,2.8,25,27.5,52,[51.52253, -0.154611],15
1258,25,na,20,na,46,[53.02821, -2.175133],13
1259,33,2.3,25,5.7,52,[51.52229, -0.125889],15
1260,25,na,25,na,52,[51.4931557048667, -0.101527038274853],15
1261,5,na,25,na,50,[51.490532, 0.074003],15
1262,38,7.3,24,8.7,50,[51.562376, -0.004898],15
1263,25,na,25,na,52,[51.4931557048667, -0.101527038274853],15
1264,18,na,24,na,32,[51.463429, -0.215871],9
1265,34,2.3,25,23.8,52,[51.5073509, -0.1277583],15
1266,10,na,25,na,52,[51.513847178423, -0.077765681752],15
1267,34,na,25,na,52,[51.5145253362314, -0.104515626337876],15
1268,32,2.7,24,1,32,[51.52105, -0.213492],9
1269,33,2.3,25,5.7,52,[51.52229, -0.125889],15
1270,25,na,25,na,52,[51.4931557048667, -0.101527038274853],15
1271,32,2.7,24,1,32,[51.52105, -0.213492],9
1272,38,7.3,24,8.7,50,[51.562376, -0.004898],15
1273,15,na,25,na,33,[51.57661, 0.030858],10
1274,32,2.7,24,1,32,[51.52105, -0.213492],9
1275,34,na,25,na,52,[51.533238, -0.129594],15
1276,33,2.3,25,5.7,52,[51.52229, -0.125889],15
1277,7,na,24,na,50,[51.472504, -0.012381],15
1278,21,na,23,na,46,[52.411563, -1.560228],13
1279,38,2.3,25,7.1,52,[51.49467, -0.131931],15
1280,9,na,26,na,29,[51.377923, -0.240414],8
1281,10,na,25,na,52,[51.5277066194645, -0.129053205282516],15
1282,25,na,25,na,52,[51.4931557048667, -0.101527038274853],15
1283,25,2.3,25,9.8,52,[51.54421, -0.175269],15
1284,22,2.7,24,6.4,32,[51.489398, -0.310081],9
1285,33,2.3,25,5.7,52,[51.52229, -0.125889],15
1286,34,na,25,na,52,[51.5145253362314, -0.104515626337876],15
1287,17,na,25,na,52,[51.4922482333024, -0.147114752900186],15
1288,46,2.8,25,27.5,52,[51.52253, -0.154611],15
1289,17,na,25,na,52,[51.4922482333024, -0.147114752900186],15
1290,32,2.7,24,1,32,[51.52105, -0.213492],9
1291,32,2.7,24,1,32,[51.52105, -0.213492],9
1292,38,7.3,24,12.5,34,[51.5993, -0.068218],10
1293,34,2.3,25,23.8,52,[51.5073509, -0.1277583],15
1294,34,2.3,25,23.8,52,[51.5073509, -0.1277583],15
1295,46,2.8,25,27.5,52,[51.52253, -0.154611],15
1296,34,2.3,25,23.8,52,[51.5073509, -0.1277583],15
1297,34,na,25,na,52,[51.5145253362314, -0.104515626337876],15
1298,38,2.3,25,7.1,52,[51.49467, -0.131931],15
1299,25,na,25,na,52,[51.4931557048667, -0.101527038274853],15
1300,13,na,27,na,29,[51.410039, -0.127523],8
1301,17,na,25,na,52,[51.4922482333024, -0.147114752900186],15
1302,17,na,25,na,52,[51.4922482333024, -0.147114752900186],15
1303,33,2.3,25,5.7,52,[51.52229, -0.125889],15
1304,10,na,27,na,29,[51.3586596124998, -0.149723946604927],8
1305,33,2.3,25,5.7,52,[51.52229, -0.125889],15
1306,8,na,24,na,50,[51.5150461674013, -0.00841849265642741],15
1307,46,2.8,25,27.5,52,[51.52253, -0.154611],15
1308,10,na,25,na,52,[51.513847178423, -0.077765681752],15
1309,28,na,36,na,28,[55.79216, -3.2429],9
1310,38,7.3,24,8.7,50,[51.562376, -0.004898],15
1311,11,na,26,na,29,[51.412308, -0.29658478],8
1312,34,na,25,na,52,[51.5145253362314, -0.104515626337876],15
1313,46,2.8,25,27.5,52,[51.52253, -0.154611],15
1314,46,2.8,25,27.5,52,[51.52253, -0.154611],15
1315,23,na,25,na,52,[51.520225273171, -0.0961060474176381],15
1316,38,2.3,25,7.1,52,[51.49467, -0.131931],15
1317,46,2.8,25,27.5,52,[51.52253, -0.154611],15
1318,53,na,2,na,53,[-34.657988, -58.342538],19
1319,53,na,2,na,53,[-34.657988, -58.342538],19
1320,53,na,2,na,53,[-34.657988, -58.342538],19
1321,53,na,2,na,53,[-34.657988, -58.342538],19
1322,82,na,19,na,119,[41.328069, 69.294476],72
1323,82,na,19,na,119,[41.328069, 69.294476],72
1324,82,na,19,na,119,[41.328069, 69.294476],72
1325,82,na,19,na,119,[41.328069, 69.294476],72
1326,82,na,19,na,119,[41.328069, 69.294476],72
1327,82,na,19,na,119,[41.328069, 69.294476],72
1328,98,na,19,na,119,[41.328069, 69.294476],72
1329,98,na,19,na,119,[41.328069, 69.294476],72
1330,98,na,19,na,119,[41.328069, 69.294476],72
1331,98,na,19,na,119,[41.328069, 69.294476],72
1332,98,na,19,na,119,[41.328069, 69.294476],72
1333,137,na,19,na,119,[41.3672, 69.2725],72
1334,98,na,19,na,119,[41.328069, 69.294476],72
1335,98,na,19,na,119,[41.328069, 69.294476],72
1336,53,na,18,na,74,[21.543486, 39.17299],54
1337,30,0.5,6,3.1,51,[-23.682068, 27.722012],18
1338,27,2.2,9,2.5,89,[-24.155951, 28.984199],36
1339,27,2.2,9,2.5,89,[-24.155951, 28.984199],36
1340,27,2.2,9,2.5,89,[-24.155951, 28.984199],36
1341,27,2.2,9,2.5,89,[-24.155951, 28.984199],36
