,Country,City,AQI_Value,CO_AQI_Value,Ozone_AQI_Value,NO2_AQI_Value,PM2_5_AQI_Value,Lat,Lng,PM10
0,Pakistan,Peshawar,124,na,22,na,145,34.00585,71.53775,60
1,Pakistan,Peshawar,124,na,22,na,145,34.00585,71.53775,60
2,Pakistan,Peshawar,124,na,22,na,145,34.00585,71.53775,60
3,Pakistan,Peshawar,124,na,22,na,145,34.00585,71.53775,60
4,Pakistan,Peshawar,124,na,22,na,145,34.00585,71.53775,60
5,Pakistan,Peshawar,124,na,22,na,145,34.00585,71.53775,60
6,Pakistan,Peshawar,124,na,22,na,145,34.00585,71.53775,60
7,Pakistan,Peshawar,124,na,22,na,145,34.00585,71.53775,60
8,North Macedonia,Lazaropole,38,na,33,na,29,41.5358,20.6989,8
9,North Macedonia,Lazaropole,38,na,33,na,29,41.5358,20.6989,8
10,North Macedonia,Lazaropole,38,na,33,na,29,41.5358,20.6989,8
11,North Macedonia,Lazaropole,38,na,33,na,29,41.5358,20.6989,8
12,France,Vitry-sur-Seine,34,na,26,na,26,48.7759,2.37577,8
13,North Macedonia,Lazaropole,38,na,33,na,29,41.5358,20.6989,8
14,North Macedonia,Lazaropole,38,na,33,na,29,41.5358,20.6989,8
15,North Macedonia,Lazaropole,38,na,33,na,29,41.5358,20.6989,8
16,North Macedonia,Lazaropole,38,na,33,na,29,41.5358,20.6989,8
17,North Macedonia,Lazaropole,38,na,33,na,29,41.5358,20.6989,8
18,North Macedonia,Lazaropole,38,na,33,na,29,41.5358,20.6989,8
19,North Macedonia,Lazaropole,38,na,33,na,29,41.5358,20.6989,8
20,North Macedonia,Lazaropole,38,na,33,na,29,41.5358,20.6989,8
21,North Macedonia,Lazaropole,38,na,33,na,29,41.5358,20.6989,8
22,North Macedonia,Lazaropole,38,na,33,na,29,41.5358,20.6989,8
23,Algeria,El Mouradia,63,na,26,na,55,36.7558,3.039114,22
24,Algeria,El Mouradia,63,na,26,na,55,36.7558,3.039114,22
25,Algeria,El Mouradia,63,na,26,na,55,36.7558,3.039114,22
26,Algeria,El Mouradia,63,na,26,na,55,36.7558,3.039114,22
27,Algeria,El Mouradia,63,na,26,na,55,36.7558,3.039114,22
28,Algeria,El Mouradia,63,na,26,na,55,36.7558,3.039114,22
29,Rwanda,Kigali,92,na,6,na,68,-1.936231,30.077951,27
30,Argentina,Dock Sud,3,na,2,na,53,-34.657988,-58.342538,19
31,Argentina,Dock Sud,3,na,2,na,53,-34.657988,-58.342538,19
32,Argentina,Dock Sud,3,na,2,na,53,-34.657988,-58.342538,19
33,Argentina,Dock Sud,3,na,2,na,53,-34.657988,-58.342538,19
34,Argentina,San Antonio de Padua,19,na,1,na,42,-34.6775885,-58.701767,15
35,Argentina,Dock Sud,3,na,2,na,53,-34.657988,-58.342538,19
36,Argentina,Dock Sud,3,na,2,na,53,-34.657988,-58.342538,19
37,Argentina,Dock Sud,3,na,2,na,53,-34.657988,-58.342538,19
38,Argentina,Dock Sud,3,na,2,na,53,-34.657988,-58.342538,19
39,Argentina,Dock Sud,3,na,2,na,53,-34.657988,-58.342538,19
40,Argentina,Dock Sud,3,na,2,na,53,-34.657988,-58.342538,19
41,Argentina,Dock Sud,3,na,2,na,53,-34.657988,-58.342538,19
42,Argentina,Dock Sud,3,na,2,na,53,-34.657988,-58.342538,19
43,Argentina,Dock Sud,3,na,2,na,53,-34.657988,-58.342538,19
44,Argentina,Dock Sud,3,na,2,na,53,-34.657988,-58.342538,19
45,Argentina,Dock Sud,3,na,2,na,53,-34.657988,-58.342538,19
46,Argentina,Dock Sud,3,na,2,na,53,-34.657988,-58.342538,19
47,Argentina,Dock Sud,3,na,2,na,53,-34.657988,-58.342538,19
48,Argentina,Dock Sud,3,na,2,na,53,-34.657988,-58.342538,19
49,Argentina,Dock Sud,3,na,2,na,53,-34.657988,-58.342538,19
50,Argentina,Dock Sud,3,na,2,na,53,-34.657988,-58.342538,19
51,Turkey,Aşağı Aratan,56,na,30,na,31,39.795454,44.625607,13
52,Turkey,Aşağı Aratan,56,na,30,na,31,39.795454,44.625607,13
53,Turkey,Aşağı Aratan,56,na,30,na,31,39.795454,44.625607,13
54,Turkey,Aşağı Aratan,56,na,30,na,31,39.795454,44.625607,13
55,Turkey,Aşağı Aratan,56,na,30,na,31,39.795454,44.625607,13
56,Turkey,Aşağı Aratan,56,na,30,na,31,39.795454,44.625607,13
57,Turkey,Aşağı Aratan,56,na,30,na,31,39.795454,44.625607,13
58,Turkey,Aşağı Aratan,56,na,30,na,31,39.795454,44.625607,13
59,Turkey,Aşağı Aratan,56,na,30,na,31,39.795454,44.625607,13
60,Turkey,Aşağı Aratan,56,na,30,na,31,39.795454,44.625607,13
61,Turkey,Aşağı Aratan,56,na,30,na,31,39.795454,44.625607,13
62,Turkey,Aşağı Aratan,56,na,30,na,31,39.795454,44.625607,13
63,Turkey,Aşağı Aratan,56,na,30,na,31,39.795454,44.625607,13
64,Turkey,Aşağı Aratan,56,na,30,na,31,39.795454,44.625607,13
65,Turkey,Aşağı Aratan,56,na,30,na,31,39.795454,44.625607,13
66,Turkey,Aşağı Aratan,56,na,30,na,31,39.795454,44.625607,13
67,Turkey,Aşağı Aratan,56,na,30,na,31,39.795454,44.625607,13
68,Turkey,Aşağı Aratan,56,na,30,na,31,39.795454,44.625607,13
69,Turkey,Aşağı Aratan,56,na,30,na,31,39.795454,44.625607,13
70,Turkey,Aşağı Aratan,56,na,30,na,31,39.795454,44.625607,13
71,Turkey,Aşağı Aratan,56,na,30,na,31,39.795454,44.625607,13
72,Turkey,Aşağı Aratan,56,na,30,na,31,39.795454,44.625607,13
73,Australia,Canberra,60,na,7,na,3,-35.285307,149.131579,1
74,Australia,Canberra,60,na,7,na,3,-35.285307,149.131579,1
75,Australia,Canberra,28,na,10,na,32,-27.3292,153.0478,10
76,Australia,Canberra,60,na,7,na,3,-35.285307,149.131579,1
77,Australia,Canberra,60,na,7,na,3,-35.285307,149.131579,1
78,Australia,Canberra,60,4,7,4.2,3,-35.220606,149.043539,1
79,Australia,Canberra,60,na,7,na,3,-35.285307,149.131579,1
80,Australia,Canberra,60,4,7,4.2,3,-35.220606,149.043539,1
81,Australia,Canberra,60,na,7,na,3,-35.285307,149.131579,1
82,Austria,Vienna,38,0.1,36,11.9,48,48.2167394444444,16.3809180555556,14
83,Austria,Vienna,38,0.1,36,11.9,48,48.2167394444444,16.3809180555556,14
84,Austria,Vienna,42,na,36,na,48,48.21911,16.349818,14
85,Austria,Vienna,42,na,36,na,48,48.21911,16.349818,14
86,Austria,Gemeinde Klosterneuburg,50,na,36,na,48,48.30822222,16.3279444,14
87,Austria,Vienna,38,0.1,36,11.9,48,48.2167394444444,16.3809180555556,14
88,Austria,Vienna,38,0.1,36,11.9,48,48.2167394444444,16.3809180555556,14
89,Austria,Vienna,42,na,36,na,48,48.21911,16.349818,14
90,Austria,Vienna,38,0.1,36,11.9,48,48.2167394444444,16.3809180555556,14
91,Austria,Vienna,50,0.1,36,4.2,48,48.20306,16.43455,14
92,Austria,Vienna,38,0.1,36,11.9,48,48.2167394444444,16.3809180555556,14
93,Austria,Vienna,50,0.1,36,4.2,48,48.20306,16.43455,14
94,Austria,Vienna,38,na,36,na,48,48.261086,16.396954,14
95,Austria,Vienna,38,0.1,36,11.9,48,48.2167394444444,16.3809180555556,14
96,Austria,Vienna,42,na,36,na,48,48.21911,16.349818,14
97,Austria,Vienna,42,na,36,na,47,48.1743530555556,16.3614172222222,13
98,Austria,Vienna,42,na,36,na,48,48.21911,16.349818,14
99,Austria,Vienna,50,0.1,36,4.2,48,48.20306,16.43455,14
100,Austria,Vienna,42,na,36,na,47,48.1743530555556,16.3614172222222,13
101,Azerbaijan,Baku,68,na,17,na,38,40.386993,49.842945,21
102,Azerbaijan,Baku,68,na,17,na,38,40.386993,49.842945,21
103,Azerbaijan,Baku,68,na,17,na,38,40.386993,49.842945,21
104,Azerbaijan,Baku,68,na,17,na,38,40.386993,49.842945,21
105,Azerbaijan,Baku,68,na,17,na,38,40.386993,49.842945,21
106,Azerbaijan,Baku,68,na,17,na,38,40.386993,49.842945,21
107,Azerbaijan,Baku,68,na,17,na,38,40.386993,49.842945,21
108,Azerbaijan,Baku,68,na,17,na,38,40.386993,49.842945,21
109,Azerbaijan,Baku,68,na,17,na,38,40.386993,49.842945,21
110,Azerbaijan,Baku,68,na,17,na,38,40.386993,49.842945,21
111,Bahrain,Manama,63,na,26,na,131,26.204697,50.57083,101
112,Bahrain,Manama,63,na,26,na,131,26.204697,50.57083,101
113,Bangladesh,Dhaka,132,na,10,na,80,23.796373,90.424614,38
114,Bangladesh,Dhaka,132,na,10,na,80,23.796373,90.424614,38
115,Bangladesh,Dhaka,132,na,10,na,80,23.796373,90.424614,38
116,Bangladesh,Dhaka,132,na,10,na,80,23.796373,90.424614,38
117,Bangladesh,Dhaka,132,na,10,na,80,23.796373,90.424614,38
118,Bangladesh,Dhaka,132,na,10,na,80,23.796373,90.424614,38
119,Bangladesh,Dhaka,132,na,10,na,80,23.796373,90.424614,38
120,Bangladesh,Dhaka,132,na,10,na,80,23.796373,90.424614,38
121,Bangladesh,Dhaka,132,na,10,na,80,23.796373,90.424614,38
122,Bangladesh,Dhaka,132,na,10,na,80,23.796373,90.424614,38
123,Bangladesh,Dhaka,132,na,10,na,80,23.796373,90.424614,38
124,Bangladesh,Dhaka,132,na,10,na,80,23.796373,90.424614,38
125,Bangladesh,Dhaka,132,na,10,na,80,23.796373,90.424614,38
126,Bangladesh,Dhaka,132,na,10,na,80,23.796373,90.424614,38
127,Bangladesh,Dhaka,132,na,10,na,80,23.796373,90.424614,38
128,Bangladesh,Dhaka,132,na,10,na,80,23.796373,90.424614,38
129,Bangladesh,Dhaka,132,na,10,na,80,23.796373,90.424614,38
130,Bangladesh,Dhaka,132,na,10,na,80,23.796373,90.424614,38
131,Bangladesh,Dhaka,132,na,10,na,80,23.796373,90.424614,38
132,Bangladesh,Dhaka,132,na,10,na,80,23.796373,90.424614,38
133,Bangladesh,Dhaka,132,na,10,na,80,23.796373,90.424614,38
134,Bangladesh,Dhaka,132,na,10,na,80,23.796373,90.424614,38
135,Bangladesh,Dhaka,132,na,10,na,80,23.796373,90.424614,38
136,Bangladesh,Dhaka,132,na,10,na,80,23.796373,90.424614,38
137,Bangladesh,Dhaka,132,na,10,na,80,23.796373,90.424614,38
138,Bangladesh,Dhaka,132,na,10,na,80,23.796373,90.424614,38
139,Bangladesh,Dhaka,132,na,10,na,80,23.796373,90.424614,38
140,Bangladesh,Dhaka,132,na,10,na,80,23.796373,90.424614,38
141,Bangladesh,Dhaka,132,na,10,na,80,23.796373,90.424614,38
142,Bangladesh,Dhaka,132,na,10,na,80,23.796373,90.424614,38
143,Bangladesh,Dhaka,132,na,10,na,80,23.796373,90.424614,38
144,Bangladesh,Dhaka,132,na,10,na,80,23.796373,90.424614,38
145,Bangladesh,Dhaka,132,na,10,na,80,23.796373,90.424614,38
146,Bangladesh,Dhaka,132,na,10,na,80,23.796373,90.424614,38
147,Bangladesh,Dhaka,132,na,10,na,80,23.796373,90.424614,38
148,Bangladesh,Dhaka,132,na,10,na,80,23.796373,90.424614,38
149,Bangladesh,Dhaka,132,na,10,na,80,23.796373,90.424614,38
150,Bangladesh,Dhaka,132,na,10,na,80,23.796373,90.424614,38
151,Bangladesh,Dhaka,132,na,10,na,80,23.796373,90.424614,38
152,Bangladesh,Dhaka,132,na,10,na,80,23.796373,90.424614,38
153,Bangladesh,Dhaka,132,na,10,na,80,23.796373,90.424614,38
154,Bangladesh,Dhaka,132,na,10,na,80,23.796373,90.424614,38
155,Bangladesh,Dhaka,132,na,10,na,80,23.796373,90.424614,38
156,Bangladesh,Dhaka,132,na,10,na,80,23.796373,90.424614,38
157,Bangladesh,Dhaka,132,na,10,na,80,23.796373,90.424614,38
158,Bangladesh,Dhaka,132,na,10,na,80,23.796373,90.424614,38
159,Bangladesh,Dhaka,132,na,10,na,80,23.796373,90.424614,38
160,Bangladesh,Dhaka,132,na,10,na,80,23.796373,90.424614,38
161,Bangladesh,Dhaka,132,na,10,na,80,23.796373,90.424614,38
162,Bangladesh,Dhaka,132,na,10,na,80,23.796373,90.424614,38
163,Bangladesh,Dhaka,132,na,10,na,80,23.796373,90.424614,38
164,Bangladesh,Dhaka,132,na,10,na,80,23.796373,90.424614,38
165,Bangladesh,Dhaka,132,na,10,na,80,23.796373,90.424614,38
166,Bangladesh,Dhaka,132,na,10,na,80,23.796373,90.424614,38
167,Bangladesh,Dhaka,132,na,10,na,80,23.796373,90.424614,38
168,Bangladesh,Dhaka,132,na,10,na,80,23.796373,90.424614,38
169,Bangladesh,Dhaka,132,na,10,na,80,23.796373,90.424614,38
170,Bangladesh,Dhaka,132,na,10,na,80,23.796373,90.424614,38
171,Bangladesh,Dhaka,132,na,10,na,80,23.796373,90.424614,38
172,Bangladesh,Dhaka,132,na,10,na,80,23.796373,90.424614,38
173,Bangladesh,Dhaka,132,na,10,na,80,23.796373,90.424614,38
174,Bangladesh,Dhaka,132,na,10,na,80,23.796373,90.424614,38
175,Bangladesh,Dhaka,132,na,10,na,80,23.796373,90.424614,38
176,Bangladesh,Dhaka,132,na,10,na,80,23.796373,90.424614,38
177,Bangladesh,Dhaka,132,na,10,na,80,23.796373,90.424614,38
178,Bangladesh,Dhaka,132,na,10,na,80,23.796373,90.424614,38
179,Bangladesh,Dhaka,132,na,10,na,80,23.796373,90.424614,38
180,Bangladesh,Dhaka,132,na,10,na,80,23.796373,90.424614,38
181,Bangladesh,Dhaka,132,na,10,na,80,23.796373,90.424614,38
182,Bangladesh,Dhaka,132,na,10,na,80,23.796373,90.424614,38
183,Bangladesh,Dhaka,132,na,10,na,80,23.796373,90.424614,38
184,Bangladesh,Dhaka,132,na,10,na,80,23.796373,90.424614,38
185,Bangladesh,Dhaka,132,na,10,na,80,23.796373,90.424614,38
186,Bangladesh,Dhaka,132,na,10,na,80,23.796373,90.424614,38
187,Bangladesh,Dhaka,132,na,10,na,80,23.796373,90.424614,38
188,Bangladesh,Dhaka,132,na,10,na,80,23.796373,90.424614,38
189,Bangladesh,Dhaka,132,na,10,na,80,23.796373,90.424614,38
190,Bangladesh,Dhaka,132,na,10,na,80,23.796373,90.424614,38
191,Bangladesh,Dhaka,132,na,10,na,80,23.796373,90.424614,38
192,Bangladesh,Dhaka,132,na,10,na,80,23.796373,90.424614,38
193,Bangladesh,Dhaka,132,na,10,na,80,23.796373,90.424614,38
194,Bangladesh,Dhaka,132,na,10,na,80,23.796373,90.424614,38
195,Bangladesh,Dhaka,132,na,10,na,80,23.796373,90.424614,38
196,Bangladesh,Dhaka,132,na,10,na,80,23.796373,90.424614,38
197,Bangladesh,Dhaka,132,na,10,na,80,23.796373,90.424614,38
198,Bangladesh,Dhaka,132,na,10,na,80,23.796373,90.424614,38
199,Bangladesh,Dhaka,132,na,10,na,80,23.796373,90.424614,38
200,Bangladesh,Dhaka,132,na,10,na,80,23.796373,90.424614,38
201,Bangladesh,Dhaka,132,na,10,na,80,23.796373,90.424614,38
202,France,Sainte-Luce,37,na,6,na,19,14.468867,-60.927389,10
203,France,Sainte-Luce,37,na,6,na,19,14.468867,-60.927389,10
204,France,Sainte-Luce,37,na,6,na,19,14.468867,-60.927389,10
205,Lithuania,Vilnius,32,na,28,na,31,54.7117424,25.2974345,8
206,Lithuania,Vilnius,32,na,28,na,31,54.7117424,25.2974345,8
207,Lithuania,Vilnius,32,na,28,na,31,54.7117424,25.2974345,8
208,Lithuania,Vilnius,32,na,28,na,31,54.7117424,25.2974345,8
209,Lithuania,Vilnius,32,na,28,na,31,54.7117424,25.2974345,8
210,Lithuania,Vilnius,32,na,28,na,31,54.7117424,25.2974345,8
211,Lithuania,Vilnius,32,na,28,na,31,54.7117424,25.2974345,8
212,Lithuania,Vilnius,32,na,28,na,31,54.7117424,25.2974345,8
213,Lithuania,Vilnius,32,na,28,na,31,54.7117424,25.2974345,8
214,Lithuania,Vilnius,32,na,28,na,31,54.7117424,25.2974345,8
215,Guatemala,Guatemala City,1,na,6,na,107,14.6069387,-90.5169696,43
216,Nigeria,Abuja,38,na,4,na,113,6.4404830932617,3.4068150520325,55
217,Bosnia and Herzegovina,Sarajevo,57,2.4,37,6,66,43.864722,18.419357,21
218,Bosnia and Herzegovina,Sarajevo,57,2.4,37,6,66,43.864722,18.419357,21
219,Bosnia and Herzegovina,Sarajevo,57,2.4,37,6,66,43.864722,18.419357,21
220,Bosnia and Herzegovina,Tuzla,105,0.1,36,18.4,66,44.531944444444,18.654722222222,22
221,Bosnia and Herzegovina,Sarajevo,57,2.4,37,6,66,43.864722,18.419357,21
222,South Africa,Mahikeng,74,na,10,na,61,-25.835814,25.614534,23
223,South Africa,Mahikeng,74,na,10,na,61,-25.835814,25.614534,23
224,South Africa,Mahikeng,74,na,10,na,61,-25.835814,25.614534,23
225,Brazil,São José do Rio Preto,5,na,5,na,136,-20.784689284,-49.398277793,51
226,Brazil,São José do Rio Preto,5,na,5,na,136,-20.784689284,-49.398277793,51
227,Bulgaria,Sofia,17,0.1,36,2.7,47,42.673888888889,23.282791666667,13
228,Bulgaria,Sofia,21,na,27,na,34,42.6483638,23.4011233,10
229,Bulgaria,Sofia,18,0.1,27,3.2,34,42.6413301,23.373074,10
230,Bulgaria,Varna,32,na,30,na,25,43.224389,27.915733,7
231,Bulgaria,Sofia,17,0.1,36,2.7,47,42.673888888889,23.282791666667,13
232,Bulgaria,Sofia,18,0.1,27,3.2,34,42.6413301,23.373074,10
233,Bulgaria,Sofia,18,0.1,27,3.2,34,42.6413301,23.373074,10
234,Bulgaria,Sofia,18,0.1,27,3.2,34,42.6413301,23.373074,10
235,Bulgaria,Sofia,25,na,31,na,47,42.7325,23.298611,12
236,Bulgaria,Sofia,17,0.1,36,2.7,47,42.673888888889,23.282791666667,13
237,Bulgaria,Sofia,25,na,31,na,47,42.7325,23.298611,12
238,Bulgaria,Sofia,22,0.1,36,3.6,47,42.6656601,23.2702013,13
239,Bulgaria,Sofia,18,0.1,27,3.2,34,42.6413301,23.373074,10
240,Vietnam,Tây Ninh City,5,1,7,1,94,11.327715,106.10414,29
241,Vietnam,Tây Ninh City,5,1,7,1,94,11.327715,106.10414,29
242,Belgium,Liège,42,0.1,30,1.9,31,50.6325574,5.5796662,9
243,Vietnam,Tây Ninh City,5,1,7,1,94,11.327715,106.10414,29
244,United States,Boston,14,2.3,8,8.4,15,42.3294,-71.0825,5
245,Vietnam,Tây Ninh City,5,1,7,1,94,11.327715,106.10414,29
246,Vietnam,Tây Ninh City,5,1,7,1,94,11.327715,106.10414,29
247,Vietnam,Tây Ninh City,5,1,7,1,94,11.327715,106.10414,29
248,Vietnam,Tây Ninh City,5,1,7,1,94,11.327715,106.10414,29
249,Vietnam,Tây Ninh City,5,1,7,1,94,11.327715,106.10414,29
250,Vietnam,Tây Ninh City,5,1,7,1,94,11.327715,106.10414,29
251,Canada,(Old) Ottawa,42,na,6,na,6,45.434333,-75.676,2
252,Canada,(Old) Ottawa,34,5,6,3.4,6,45.4215296,-75.6971931,2
253,Canada,(Old) Ottawa,34,5,6,3.4,6,45.4215296,-75.6971931,2
254,Canada,(Old) Ottawa,34,5,6,3.4,6,45.4215296,-75.6971931,2
255,Canada,(Old) Ottawa,34,5,6,3.4,6,45.4215296,-75.6971931,2
256,Canada,(Old) Ottawa,34,5,6,3.4,6,45.4215296,-75.6971931,2
257,Canada,(Old) Ottawa,34,5,6,3.4,6,45.4215296,-75.6971931,2
258,Canada,(Old) Ottawa,34,5,6,3.4,6,45.4215296,-75.6971931,2
259,Nigeria,Abuja,25,na,3,na,42,9.0416479110718,7.4773740768433,13
260,Chile,Santiago,85,9.3,5,26.1,251,-33.37677352033,-70.523326784061,153
261,Chile,Santiago,119,21.5,2,25.4,246,-33.464142,-70.660797,142
262,Chile,Santiago,107,25.2,2,33.3,246,-33.516630362266,-70.588123961971,142
263,Chile,Santiago,119,21.5,2,25.4,246,-33.464142,-70.660797,142
264,Chile,Santiago,119,21.5,2,25.4,246,-33.464142,-70.660797,142
265,Chile,Santiago,119,21.5,2,25.4,246,-33.464142,-70.660797,142
266,Chile,Santiago,119,21.5,2,25.4,246,-33.464142,-70.660797,142
267,Italy,Cerano,1,0.1,35,3.7,52,45.4099034,8.7875429,18
268,Colombia,Bogota,21,1.9,2,2.1,10,4.5725,-74.0836,3
269,Colombia,Bogota,17,3.9,2,2.9,10,4.62529,-74.06724,3
270,Colombia,Bogota,21,1.9,2,2.1,10,4.5725,-74.0836,3
271,Colombia,Bogota,25,2.8,2,2.9,10,4.637735,-74.09486,3
272,Colombia,Bogota,17,3.9,2,2.9,10,4.62529,-74.06724,3
273,Colombia,Bogota,18,2.9,1,1.9,13,4.645228,-74.06152,4
274,Colombia,Bogota,18,2.9,1,1.9,13,4.645228,-74.06152,4
275,Colombia,Bogota,17,3.9,2,2.9,10,4.62529,-74.06724,3
276,Colombia,Bogota,57,2.8,2,2.8,8,4.78374,-74.04417,3
277,Colombia,Bogota,17,3.9,2,2.9,10,4.62529,-74.06724,3
278,Colombia,Bogota,20,3,2,2.5,8,4.70939,-74.03199,3
279,Colombia,Bogota,18,2.9,1,1.9,13,4.645228,-74.06152,4
280,Colombia,Bogota,18,2.9,1,1.9,13,4.645228,-74.06152,4
281,Colombia,Bogota,25,2.8,2,2.9,10,4.637735,-74.09486,3
282,Colombia,Bogota,17,3.9,2,2.9,10,4.62529,-74.06724,3
283,Colombia,Bogota,17,3.9,2,2.9,10,4.62529,-74.06724,3
284,Croatia,Zagreb,53,0.1,35,16.6,55,45.800338888889,15.974072222222,18
285,Croatia,Zagreb,53,0.1,35,16.6,55,45.800338888889,15.974072222222,18
286,Croatia,Zagreb,53,0.1,35,16.6,55,45.800338888889,15.974072222222,18
287,Croatia,Zagreb,53,0.1,35,16.6,55,45.800338888889,15.974072222222,18
288,Croatia,Zagreb,53,0.1,35,16.6,55,45.800338888889,15.974072222222,18
289,Croatia,Zagreb,53,0.1,35,16.6,55,45.800338888889,15.974072222222,18
290,Croatia,Zagreb,53,0.1,35,16.6,55,45.800338888889,15.974072222222,18
291,Croatia,Zagreb,53,0.1,35,16.6,55,45.800338888889,15.974072222222,18
292,Croatia,Zagreb,94,na,38,na,56,45.823716666667,16.035825,19
293,Croatia,Zagreb,53,0.1,35,16.6,55,45.800338888889,15.974072222222,18
294,Croatia,Zagreb,53,0.1,35,16.6,55,45.800338888889,15.974072222222,18
295,United States,Homestead,52,na,7,na,21,25.471944444444,-80.482777777778,6
296,United States,Homestead,52,na,7,na,21,25.471944444444,-80.482777777778,6
297,United States,Homestead,52,na,7,na,21,25.471944444444,-80.482777777778,6
298,United States,Homestead,52,na,7,na,21,25.471944444444,-80.482777777778,6
299,United States,Homestead,52,na,7,na,21,25.471944444444,-80.482777777778,6
300,United States,Homestead,52,na,7,na,21,25.471944444444,-80.482777777778,6
301,United States,Homestead,52,na,7,na,21,25.471944444444,-80.482777777778,6
302,Cyprus,Strovolos,56,3.5,37,17.4,31,35.1520595,33.3476924,15
303,Cyprus,Strovolos,56,3.5,37,17.4,31,35.1520595,33.3476924,15
304,Cyprus,Strovolos,56,3.5,37,17.4,31,35.1520595,33.3476924,15
305,Rwanda,Kigali,92,na,6,na,68,-1.936231,30.077951,27
306,Rwanda,Kigali,92,na,6,na,68,-1.936231,30.077951,27
307,France,Marigot,26,na,8,na,18,18.070114,-63.081481,8
308,France,Marigot,26,na,8,na,18,18.070114,-63.081481,8
309,Ecuador,Quito,43,na,3,na,24,-0.107777,-78.497222,8
310,Ecuador,Quito,52,na,3,na,13,-0.214933,-78.403253,5
311,Trinidad and Tobago,Couva,26,4.6,4,4.4,11,10.4160327,-61.4746778,6
312,Ecuador,Quito,40,na,3,na,22,-0.221393,-78.514005,7
313,Ecuador,Quito,40,na,3,na,22,-0.221393,-78.514005,7
314,Ecuador,Quito,43,na,3,na,24,-0.184719,-78.495986,8
315,Israel,Shaar HaNegev Regional Council,39,na,35,na,43,31.56193,34.56336,16
316,Israel,Shaar HaNegev Regional Council,39,na,35,na,43,31.56193,34.56336,16
317,Israel,Shaar HaNegev Regional Council,39,na,35,na,43,31.56193,34.56336,16
318,Israel,Shaar HaNegev Regional Council,39,na,35,na,43,31.56193,34.56336,16
319,Israel,Shaar HaNegev Regional Council,39,na,35,na,43,31.56193,34.56336,16
320,Israel,Shaar HaNegev Regional Council,39,na,35,na,43,31.56193,34.56336,16
321,Israel,Shaar HaNegev Regional Council,39,na,35,na,43,31.56193,34.56336,16
322,Israel,Shaar HaNegev Regional Council,39,na,35,na,43,31.56193,34.56336,16
323,Israel,Shaar HaNegev Regional Council,39,na,35,na,43,31.56193,34.56336,16
324,Israel,Shaar HaNegev Regional Council,39,na,35,na,43,31.56193,34.56336,16
325,Israel,Shaar HaNegev Regional Council,39,na,35,na,43,31.56193,34.56336,16
326,Israel,Shaar HaNegev Regional Council,39,na,35,na,43,31.56193,34.56336,16
327,Israel,Shaar HaNegev Regional Council,39,na,35,na,43,31.56193,34.56336,16
328,Israel,Shaar HaNegev Regional Council,39,na,35,na,43,31.56193,34.56336,16
329,El Salvador,San Salvador,65,na,6,na,64,13.70630556,-89.20011667,26
330,El Salvador,San Salvador,65,na,6,na,64,13.70630556,-89.20011667,26
331,El Salvador,San Salvador,65,na,6,na,64,13.70630556,-89.20011667,26
332,Nigeria,Abuja,25,na,3,na,42,9.0416479110718,7.4773740768433,13
333,Saudi Arabia,Jeddah,53,na,18,na,74,21.543486,39.17299,54
334,Estonia,Tallinn,39,na,28,na,28,59.414133,24.649218,8
335,Estonia,Tallinn,39,na,28,na,28,59.414133,24.649218,8
336,Estonia,Tallinn,43,na,28,na,27,59.43107,24.760317,8
337,Estonia,Tallinn,43,na,28,na,27,59.43107,24.760317,8
338,Estonia,Tallinn,43,na,28,na,27,59.43107,24.760317,8
339,Estonia,Tallinn,43,na,28,na,27,59.43107,24.760317,8
340,Estonia,Tallinn,42,na,27,na,28,59.447293,24.715126,8
341,Estonia,Tallinn,43,na,28,na,27,59.43107,24.760317,8
342,Estonia,Tallinn,43,na,28,na,27,59.43107,24.760317,8
343,Estonia,Tallinn,39,na,28,na,28,59.414133,24.649218,8
344,Ethiopia,Addiss Abeba,127,na,9,na,290,9.058498,38.761642,240
345,Ethiopia,Addiss Abeba,127,na,9,na,290,9.058498,38.761642,240
346,Ethiopia,Addiss Abeba,80,na,9,na,290,8.996519,38.725433,240
347,Ethiopia,Addiss Abeba,127,na,9,na,290,9.058498,38.761642,240
348,Ethiopia,Addiss Abeba,80,na,9,na,290,8.996519,38.725433,240
349,Ethiopia,Addiss Abeba,127,na,9,na,290,9.058498,38.761642,240
350,Ethiopia,Addiss Abeba,127,na,9,na,290,9.058498,38.761642,240
351,Ethiopia,Addiss Abeba,80,na,9,na,290,8.996519,38.725433,240
352,Ethiopia,Addiss Abeba,127,na,9,na,290,9.058498,38.761642,240
353,Ethiopia,Addiss Abeba,80,na,9,na,290,8.996519,38.725433,240
354,Ethiopia,Addiss Abeba,127,na,9,na,290,9.058498,38.761642,240
355,Finland,Helsinki,35,na,24,na,32,60.1733244,24.9410248,10
356,Finland,Helsinki,30,na,24,na,32,60.16964,24.93924,10
357,Finland,Espoo,25,na,25,na,19,60.22024,24.81133,7
358,Finland,Helsinki,30,na,24,na,32,60.16964,24.93924,10
359,Finland,Helsinki,40,na,26,na,31,60.19644,24.95198,9
360,Finland,Helsinki,35,na,24,na,32,60.1733244,24.9410248,10
361,Finland,Pori,35,na,29,na,24,61.48226,21.81329,7
362,Finland,Helsinki,40,na,26,na,31,60.19644,24.95198,9
363,Finland,Helsinki,35,na,24,na,32,60.1733244,24.9410248,10
364,Finland,Helsinki,34,na,27,na,29,60.22393,25.10244,9
365,Finland,Helsinki,30,na,24,na,32,60.16964,24.93924,10
366,France,Paris,38,0.1,26,7,31,48.8621,2.34462,9
367,France,Paris,45,0.1,26,25.3,31,48.856614,2.3522219,9
368,France,Rennes,40,na,27,na,21,48.11521,-1.673088,7
369,France,Montlhéry,55,na,27,na,23,48.640929999815,2.2687200004266,7
370,France,Paris,45,0.1,26,25.3,31,48.856614,2.3522219,9
371,France,Paris,45,0.1,26,25.3,31,48.856614,2.3522219,9
372,France,Issy-les-Moulineaux,16,na,26,na,31,48.8303,2.26972,9
373,France,Puteaux,30,na,26,na,31,48.8913,2.24064,9
374,France,Strasbourg,22,na,32,na,45,48.588056,7.729722,14
375,France,Paris,45,0.1,26,25.3,31,48.856614,2.3522219,9
376,France,Pantin,35,na,26,na,31,48.9022,2.3907,9
377,France,Paris,56,na,26,na,31,48.8686,2.31166,9
378,France,Paris,56,na,26,na,31,48.8686,2.31166,9
379,France,Vitry-sur-Seine,34,na,26,na,26,48.7759,2.37577,8
380,France,Paris,45,0.1,26,25.3,31,48.856614,2.3522219,9
381,France,Paris,38,0.1,26,7,31,48.8621,2.34462,9
382,France,Paris,56,na,26,na,31,48.8686,2.31166,9
383,France,Paris,45,0.1,26,25.3,31,48.856614,2.3522219,9
384,Italy,Cerano,1,0.1,35,3.7,52,45.4099034,8.7875429,18
385,France,Paris,38,0.1,26,7,31,48.8621,2.34462,9
386,France,Paris,45,0.1,26,25.3,31,48.856614,2.3522219,9
387,France,Paris,38,0.1,26,7,31,48.8621,2.34462,9
388,France,Paris,38,0.1,26,7,31,48.8621,2.34462,9
389,France,Paris,45,0.1,26,25.3,31,48.856614,2.3522219,9
390,France,Paris,45,0.1,26,25.3,31,48.856614,2.3522219,9
391,France,Paris,45,0.1,26,25.3,31,48.856614,2.3522219,9
392,France,Paris,45,0.1,26,25.3,31,48.856614,2.3522219,9
393,France,Paris,47,na,26,na,31,48.8733,2.32957,9
394,France,Paris,45,0.1,26,25.3,31,48.856614,2.3522219,9
395,France,Pantin,35,na,26,na,31,48.9022,2.3907,9
396,France,Saint-Denis,45,na,26,na,31,48.9251,2.35654,9
397,France,Paris,45,0.1,26,25.3,31,48.856614,2.3522219,9
398,France,Paris,33,na,26,na,31,48.8917,2.34563,9
399,France,Paris,45,0.1,26,25.3,31,48.856614,2.3522219,9
400,France,Rennes,40,na,27,na,21,48.11521,-1.673088,7
401,United Kingdom,City of Westminster,29,2.3,25,28.4,52,51.52253,-0.154611,15
402,France,Issy-les-Moulineaux,16,na,26,na,31,48.8303,2.26972,9
403,France,Paris,38,0.1,26,7,31,48.8621,2.34462,9
404,France,Montlhéry,55,na,27,na,23,48.640929999815,2.2687200004266,7
405,France,Talence,44,na,28,na,30,44.800461732357,-0.589397901038,9
406,France,Montlhéry,55,na,27,na,23,48.640929999815,2.2687200004266,7
407,France,Paris,45,0.1,26,25.3,31,48.856614,2.3522219,9
408,France,Paris,38,0.1,26,7,31,48.8621,2.34462,9
409,France,Paris,38,0.1,26,7,31,48.8621,2.34462,9
410,France,Paris,38,0.1,26,7,31,48.8621,2.34462,9
411,France,Paris,47,na,26,na,31,48.8733,2.32957,9
412,France,Paris,45,0.1,26,25.3,31,48.856614,2.3522219,9
413,France,Paris,45,0.1,26,25.3,31,48.856614,2.3522219,9
414,France,Paris,45,0.1,26,25.3,31,48.856614,2.3522219,9
415,France,Paris,45,0.1,26,25.3,31,48.856614,2.3522219,9
416,France,Paris,38,0.1,26,7,31,48.8621,2.34462,9
417,France,Paris,74,na,26,na,31,48.8386,2.41278,9
418,France,Paris,38,0.1,26,7,31,48.8621,2.34462,9
419,France,Paris,38,0.1,26,7,31,48.8621,2.34462,9
420,France,Toulouse,54,na,31,na,30,43.62358041,1.438546479,9
421,France,Paris,33,na,26,na,31,48.8917,2.34563,9
422,France,Paris,45,0.1,26,25.3,31,48.856614,2.3522219,9
423,France,Paris,45,0.1,26,25.3,31,48.856614,2.3522219,9
424,France,Paris,45,0.1,26,25.3,31,48.856614,2.3522219,9
425,France,Paris,45,0.1,26,25.3,31,48.856614,2.3522219,9
426,France,Paris,56,na,26,na,31,48.8686,2.31166,9
427,France,Paris,38,0.1,26,7,31,48.8621,2.34462,9
428,France,Pantin,35,na,26,na,31,48.9022,2.3907,9
429,France,Paris,45,0.1,26,25.3,31,48.856614,2.3522219,9
430,France,Paris,45,0.1,26,25.3,31,48.856614,2.3522219,9
431,France,Paris,38,0.1,26,7,31,48.8621,2.34462,9
432,France,Paris,45,0.1,26,25.3,31,48.856614,2.3522219,9
433,France,Nogent-sur-Marne,20,na,28,na,27,48.8408,2.4844,8
434,France,Paris,38,0.1,26,7,31,48.8621,2.34462,9
435,France,Paris,56,na,26,na,31,48.8686,2.31166,9
436,France,Paris,45,0.1,26,25.3,31,48.856614,2.3522219,9
437,France,Paris,45,0.1,26,25.3,31,48.856614,2.3522219,9
438,France,Paris,45,0.1,26,25.3,31,48.856614,2.3522219,9
439,France,Paris,45,0.1,26,25.3,31,48.856614,2.3522219,9
440,France,Issy-les-Moulineaux,16,na,26,na,31,48.8303,2.26972,9
441,France,Paris,38,0.1,26,7,31,48.8621,2.34462,9
442,France,Paris,45,0.1,26,25.3,31,48.856614,2.3522219,9
443,France,Puteaux,30,na,26,na,31,48.8913,2.24064,9
444,France,Pantin,35,na,26,na,31,48.9022,2.3907,9
445,France,Paris,45,0.1,26,25.3,31,48.856614,2.3522219,9
446,France,Pantin,35,na,26,na,31,48.9022,2.3907,9
447,France,Paris,45,0.1,26,25.3,31,48.856614,2.3522219,9
448,France,Paris,45,0.1,26,25.3,31,48.856614,2.3522219,9
449,Germany,Berlin,91,0.1,29,13.3,38,52.463611,13.31825,11
450,Germany,Berlin,91,0.1,29,13.3,38,52.463611,13.31825,11
451,Germany,Berlin,89,na,29,na,38,52.543041,13.349326,11
452,Germany,Berlin,89,na,29,na,38,52.543041,13.349326,11
453,Germany,Berlin,78,0.1,29,7.4,38,52.5200066,13.404954,11
454,United Kingdom,London,38,2.6,25,9.3,52,51.49467,-0.131931,15
455,Germany,Berlin,89,na,29,na,38,52.543041,13.349326,11
456,Germany,Berlin,89,na,29,na,38,52.543041,13.349326,11
457,Germany,Berlin,91,0.1,29,13.3,38,52.463611,13.31825,11
458,Germany,Hanover,47,na,35,na,36,52.3758916,9.7320104,11
459,Germany,Berlin,102,na,29,na,38,52.513606,13.418833,11
460,Germany,Berlin,87,0.1,33,9.6,50,52.514072,13.469931,15
461,Germany,Berlin,93,na,29,na,38,52.509813,13.382377,11
462,Germany,Berlin,78,0.1,29,7.4,38,52.5200066,13.404954,11
463,Germany,Berlin,89,na,29,na,38,52.543041,13.349326,11
464,Germany,Berlin,93,na,29,na,38,52.509813,13.382377,11
465,United Kingdom,Manor Royal,34,na,26,na,27,51.142082,-0.194181,8
466,Germany,Berlin,91,0.1,29,13.3,38,52.463611,13.31825,11
467,Germany,Berlin,87,0.1,33,9.6,50,52.514072,13.469931,15
468,Germany,Berlin,93,na,29,na,38,52.509813,13.382377,11
469,Germany,Berlin,78,0.1,29,7.4,38,52.5200066,13.404954,11
470,Germany,Berlin,89,na,29,na,38,52.543041,13.349326,11
471,Germany,Berlin,93,na,29,na,38,52.509813,13.382377,11
472,Nigeria,Abuja,38,na,4,na,113,6.4404830932617,3.4068150520325,55
473,Nigeria,Abuja,38,na,4,na,113,6.4404830932617,3.4068150520325,55
474,Nigeria,Abuja,38,na,4,na,113,6.4404830932617,3.4068150520325,55
475,Nigeria,Abuja,38,na,4,na,113,6.4404830932617,3.4068150520325,55
476,Nigeria,Abuja,38,na,4,na,113,6.4404830932617,3.4068150520325,55
477,Nigeria,Abuja,38,na,4,na,113,6.4404830932617,3.4068150520325,55
478,Nigeria,Abuja,38,na,4,na,113,6.4404830932617,3.4068150520325,55
479,Nigeria,Abuja,38,na,4,na,113,6.4404830932617,3.4068150520325,55
480,Nigeria,Abuja,38,na,4,na,113,6.4404830932617,3.4068150520325,55
481,Nigeria,Abuja,38,na,4,na,113,6.4404830932617,3.4068150520325,55
482,Nigeria,Abuja,38,na,4,na,113,6.4404830932617,3.4068150520325,55
483,Nigeria,Abuja,38,na,4,na,113,6.4404830932617,3.4068150520325,55
484,Nigeria,Abuja,38,na,4,na,113,6.4404830932617,3.4068150520325,55
485,Côte d'Ivoire,Cocody,55,na,4,na,69,5.36,-4.0083,34
486,Greece,Athens,74,na,24,na,28,37.988028,23.727628,10
487,Greece,Athens,74,na,24,na,28,37.988028,23.727628,10
488,Greece,Athens,74,na,24,na,28,37.988028,23.727628,10
489,Greece,Athens,74,na,24,na,28,37.988028,23.727628,10
490,Greece,Athens,74,na,24,na,28,37.988028,23.727628,10
491,Greece,Athens,74,na,24,na,28,37.988028,23.727628,10
492,Greece,Piraeus,70,0.1,27,22.4,65,37.9432869,23.64751053,23
493,Greece,Athens,74,na,24,na,28,37.988028,23.727628,10
494,Greece,Athens,74,na,24,na,28,37.988028,23.727628,10
495,Greece,Municipal Unit of Cholargos,51,na,36,na,48,37.99510574,23.81941795,15
496,Greece,Piraeus,70,0.1,27,22.4,65,37.9432869,23.64751053,23
497,Guatemala,Guatemala City,1,na,6,na,107,14.6069387,-90.5169696,43
498,Guatemala,Guatemala City,1,na,6,na,107,14.6069387,-90.5169696,43
499,Guatemala,Guatemala City,1,na,6,na,107,14.6069387,-90.5169696,43
500,Guatemala,Guatemala City,1,na,6,na,107,14.6069387,-90.5169696,43
501,Guatemala,Guatemala City,1,na,6,na,107,14.6069387,-90.5169696,43
502,Côte d'Ivoire,Cocody,55,na,4,na,69,5.36,-4.0083,34
503,France,Marigot,26,na,8,na,18,18.070114,-63.081481,8
504,France,Marigot,26,na,8,na,18,18.070114,-63.081481,8
505,France,Marigot,26,na,8,na,18,18.070114,-63.081481,8
506,France,Marigot,26,na,8,na,18,18.070114,-63.081481,8
507,France,Marigot,26,na,8,na,18,18.070114,-63.081481,8
508,El Salvador,Reparto Lomas del Río,124,na,5,na,60,13.71518889,-89.15481944,24
509,Slovakia,Plášťovce,57,na,37,na,41,48.159614,18.978505,11
510,Slovakia,Plášťovce,57,na,37,na,41,48.159614,18.978505,11
511,Slovakia,Plášťovce,57,na,37,na,41,48.159614,18.978505,11
512,Slovakia,Plášťovce,57,na,37,na,41,48.159614,18.978505,11
513,Slovakia,Plášťovce,57,na,37,na,41,48.159614,18.978505,11
514,France,Angers,36,na,26,na,21,47.4685,-0.555933,7
515,Slovakia,Plášťovce,57,na,37,na,41,48.159614,18.978505,11
516,Slovakia,Plášťovce,57,na,37,na,41,48.159614,18.978505,11
517,Slovakia,Plášťovce,57,na,37,na,41,48.159614,18.978505,11
518,Slovakia,Plášťovce,57,na,37,na,41,48.159614,18.978505,11
519,Slovakia,Plášťovce,57,na,37,na,41,48.159614,18.978505,11
520,Slovakia,Plášťovce,57,na,37,na,41,48.159614,18.978505,11
521,Slovakia,Plášťovce,57,na,37,na,41,48.159614,18.978505,11
522,Slovakia,Plášťovce,57,na,37,na,41,48.159614,18.978505,11
523,Slovakia,Plášťovce,57,na,37,na,41,48.159614,18.978505,11
524,Slovakia,Plášťovce,57,na,37,na,41,48.159614,18.978505,11
525,Slovakia,Plášťovce,57,na,37,na,41,48.159614,18.978505,11
526,Slovakia,Plášťovce,57,na,37,na,41,48.159614,18.978505,11
527,Slovakia,Plášťovce,57,na,37,na,41,48.159614,18.978505,11
528,Iceland,Reykjavik,15,0.1,21,3.3,13,64.142,-21.946,4
529,Iceland,Reykjavik,15,0.1,21,3.3,13,64.142,-21.946,4
530,Iceland,Reykjavik,15,0.1,21,3.3,13,64.142,-21.946,4
531,Iceland,Reykjavik,34,0.1,23,11.4,51,64.13,-21.875,15
532,Iceland,Reykjavik,15,0.1,21,3.3,13,64.142,-21.946,4
533,India,New Delhi,63,7.3,11,5.1,89,28.531314,77.270686,45
534,India,New Delhi,41,11.3,10,0.6,121,30.269444,78.044167,55
535,India,New Delhi,99,11.8,10,10.3,91,28.5648,77.1744,46
536,India,New Delhi,57,3.5,15,5,101,28.964949,77.278761,46
537,India,New Delhi,99,11.8,10,10.3,91,28.5648,77.1744,46
538,Indonesia,Special Capital Region of Jakarta,124,na,9,na,240,-6.182536,106.834236,140
539,Indonesia,Special Capital Region of Jakarta,124,na,9,na,240,-6.182536,106.834236,140
540,Indonesia,Special Capital Region of Jakarta,124,na,9,na,240,-6.182536,106.834236,140
541,Indonesia,Special Capital Region of Jakarta,124,na,9,na,240,-6.182536,106.834236,140
542,Indonesia,Special Capital Region of Jakarta,124,na,9,na,240,-6.182536,106.834236,140
543,Indonesia,Special Capital Region of Jakarta,124,na,9,na,240,-6.182536,106.834236,140
544,Indonesia,Special Capital Region of Jakarta,124,na,9,na,240,-6.182536,106.834236,140
545,Indonesia,Special Capital Region of Jakarta,124,na,9,na,240,-6.182536,106.834236,140
546,Indonesia,Special Capital Region of Jakarta,124,na,9,na,240,-6.182536,106.834236,140
547,Iran,دهستان الوند,47,6,22,15,69,34.5097412,45.5740953,67
548,Iran,دهستان الوند,47,6,22,15,69,34.5097412,45.5740953,67
549,Iran,دهستان الوند,47,6,22,15,69,34.5097412,45.5740953,67
550,Iran,دهستان الوند,47,6,22,15,69,34.5097412,45.5740953,67
551,Iran,دهستان الوند,47,6,22,15,69,34.5097412,45.5740953,67
552,Iran,دهستان الوند,47,6,22,15,69,34.5097412,45.5740953,67
553,Iran,دهستان الوند,47,6,22,15,69,34.5097412,45.5740953,67
554,Iran,دهستان الوند,47,6,22,15,69,34.5097412,45.5740953,67
555,Iran,دهستان الوند,47,6,22,15,69,34.5097412,45.5740953,67
556,Iran,دهستان الوند,47,6,22,15,69,34.5097412,45.5740953,67
557,Israel,Jerusalem,53,9,36,25.1,49,31.79445,35.21997,17
558,Israel,Jerusalem,37,na,36,na,49,31.789032,35.202641,17
559,Israel,Jerusalem,37,9,36,5.1,49,31.768319,35.21371,17
560,Israel,Jerusalem,37,na,36,na,49,31.789032,35.202641,17
561,Israel,Jerusalem,53,9,36,25.1,49,31.79445,35.21997,17
562,Palestinian Territory,Beitar Ilit,36,na,36,na,48,31.65647,35.11681,16
563,Israel,Jerusalem,37,na,36,na,49,31.75709,35.21741,17
564,Israel,Jerusalem,37,9,36,5.1,49,31.768319,35.21371,17
565,Israel,Jerusalem,37,na,36,na,49,31.789032,35.202641,17
566,Israel,Jerusalem,53,9,36,25.1,49,31.79445,35.21997,17
567,Israel,Jerusalem,37,9,36,5.1,49,31.768319,35.21371,17
568,Israel,Jerusalem,37,na,36,na,49,31.75709,35.21741,17
569,Israel,Jerusalem,37,9,36,5.1,49,31.768319,35.21371,17
570,Italy,Rome,53,na,36,na,47,41.8482263,12.5759027,14
571,Italy,Rome,42,na,34,na,49,41.8932669,12.4753855,14
572,Italy,Rome,50,0.1,36,2.3,49,41.9248746,12.4934413,15
573,Italy,Rome,50,0.1,36,2.3,49,41.9248746,12.4934413,15
574,Italy,Rome,53,na,36,na,47,41.8482263,12.5759027,14
575,Italy,Cerano,1,0.1,35,3.7,52,45.4099034,8.7875429,18
576,Italy,Rome,53,na,36,na,47,41.8482263,12.5759027,14
577,Italy,Rome,42,na,34,na,49,41.8932669,12.4753855,14
578,Italy,Rome,50,0.1,36,2.3,49,41.9248746,12.4934413,15
579,Italy,Rome,42,na,34,na,49,41.8932669,12.4753855,14
580,Italy,Rome,42,na,34,na,49,41.8932669,12.4753855,14
581,Italy,Rome,50,na,36,na,47,41.9363397,12.6544146,14
582,Italy,Rome,42,na,34,na,49,41.8932669,12.4753855,14
583,Italy,Rome,42,na,34,na,49,41.8932669,12.4753855,14
584,Italy,Rome,42,na,34,na,49,41.8932669,12.4753855,14
585,Italy,Rome,55,0.1,34,8.3,49,41.9328321,12.5012473,14
586,Italy,Rome,42,na,34,na,49,41.8932669,12.4753855,14
587,Italy,Rome,42,na,34,na,49,41.8932669,12.4753855,14
588,Italy,Rome,53,0.1,34,16.5,49,41.9071831,12.4466876,14
589,Italy,Rome,53,0.1,34,16.5,49,41.9071831,12.4466876,14
590,Italy,Rome,42,na,34,na,49,41.8932669,12.4753855,14
591,Italy,Rome,53,0.1,34,16.5,49,41.9071831,12.4466876,14
592,Italy,Rome,42,na,34,na,49,41.8932669,12.4753855,14
593,Italy,Rome,53,0.1,34,16.5,49,41.9071831,12.4466876,14
594,Italy,Rome,42,na,34,na,49,41.8932669,12.4753855,14
595,Italy,Rome,53,0.1,34,16.5,49,41.9071831,12.4466876,14
596,Italy,Rome,53,0.1,34,16.5,49,41.9071831,12.4466876,14
597,Italy,Rome,50,0.1,36,2.3,49,41.9248746,12.4934413,15
598,Italy,Rome,42,na,34,na,49,41.8932669,12.4753855,14
599,Italy,Rome,42,na,34,na,49,41.8932669,12.4753855,14
600,Japan,Bunkyo,16,2.3,31,14.9,95,35.7334675,139.7551411,44
601,Japan,Hino,10,3.4,16,7.5,91,35.6622228,139.4280321,44
602,Japan,Minato,6,5.6,31,13,113,35.6422723,139.7354456,50
603,Japan,Shibuya,12,4.5,31,13.9,113,35.6639824,139.6979483,50
604,Japan,Shibuya,12,4.5,31,13.9,113,35.6639824,139.6979483,50
605,Japan,Shibuya,12,4.5,31,13.9,113,35.6639824,139.6979483,50
606,Japan,Minato,6,5.6,31,13,113,35.6422723,139.7354456,50
607,Japan,Sagamihara,7,1.2,24,4.7,112,35.5213336,139.4078666,44
608,Japan,Nakano,10,2.3,31,5.6,93,35.7003943,139.6824123,42
609,Japan,Samukawa,5,2.3,27,6.5,110,35.3728393,139.3847442,42
610,Japan,Shibuya,12,4.5,31,13.9,113,35.6639824,139.6979483,50
611,Japan,Suginami,10,6.7,31,6.5,93,35.6905576,139.6022801,42
612,Japan,Bunkyo,16,2.3,31,14.9,95,35.7334675,139.7551411,44
613,Japan,Chiyoda,14,3.4,31,17.6,95,35.692745,139.7680749,44
614,Japan,Bunkyo,16,2.3,31,14.9,95,35.7334675,139.7551411,44
615,Japan,Bunkyo,11,2.3,31,10.2,95,35.7193411,139.7347261,44
616,Japan,Setagaya,9,3.4,30,5.6,102,35.6516036,139.595188,42
617,Jordan,Amman,25,na,34,na,34,32.022758,35.847744,16
618,Jordan,Amman,46,na,34,na,34,31.94502,35.8805,16
619,Jordan,Amman,26,na,34,na,34,31.987677,35.823448,16
620,Jordan,Amman,25,na,34,na,34,32.022758,35.847744,16
621,Jordan,Amman,46,na,34,na,34,31.94502,35.8805,16
622,Jordan,Amman,25,na,34,na,34,32.022758,35.847744,16
623,Kazakhstan,Astana,9,3.4,12,6.2,92,51.125286,71.46722,42
624,Kazakhstan,Astana,9,3.4,12,6.2,92,51.125286,71.46722,42
625,Kazakhstan,Astana,9,3.4,12,6.2,92,51.125286,71.46722,42
626,Kenya,Nairobi,143,na,6,na,58,-1.23437,36.81732,33
627,Kenya,Nairobi,143,na,6,na,58,-1.23437,36.81732,33
628,Kenya,Nairobi,143,na,6,na,58,-1.23437,36.81732,33
629,Kenya,Nairobi,143,na,6,na,58,-1.23437,36.81732,33
630,Kenya,Nairobi,143,na,6,na,58,-1.23437,36.81732,33
631,Kenya,Nairobi,143,na,6,na,58,-1.23437,36.81732,33
632,Kenya,Nairobi,143,na,6,na,58,-1.23437,36.81732,33
633,Kenya,Nairobi,143,na,6,na,58,-1.23437,36.81732,33
634,Kenya,Nairobi,143,na,6,na,58,-1.23437,36.81732,33
635,Kenya,Nairobi,143,na,6,na,58,-1.23437,36.81732,33
636,Kenya,Nairobi,143,na,6,na,58,-1.23437,36.81732,33
637,Kenya,Nairobi,143,na,6,na,58,-1.23437,36.81732,33
638,Kenya,Nairobi,143,na,6,na,58,-1.23437,36.81732,33
639,Kyrgyzstan,Bishkek City,61,na,14,na,87,42.827625,74.58384,57
640,Kyrgyzstan,Bishkek City,61,na,14,na,87,42.827625,74.58384,57
641,Kyrgyzstan,Bishkek City,61,na,14,na,87,42.827625,74.58384,57
642,Kyrgyzstan,Bishkek City,61,na,14,na,87,42.827625,74.58384,57
643,Kyrgyzstan,Bishkek City,61,na,14,na,87,42.827625,74.58384,57
644,Kyrgyzstan,Bishkek City,61,na,14,na,87,42.827625,74.58384,57
645,Lithuania,Naujoji Akmenė,87,na,24,na,20,56.316814,22.903861,5
646,Lithuania,Naujoji Akmenė,87,na,24,na,20,56.316814,22.903861,5
647,Lithuania,Naujoji Akmenė,87,na,24,na,20,56.316814,22.903861,5
648,Lithuania,Naujoji Akmenė,87,na,24,na,20,56.316814,22.903861,5
649,Lithuania,Naujoji Akmenė,87,na,24,na,20,56.316814,22.903861,5
650,Lithuania,Naujoji Akmenė,87,na,24,na,20,56.316814,22.903861,5
651,Lithuania,Naujoji Akmenė,87,na,24,na,20,56.316814,22.903861,5
652,Lithuania,Naujoji Akmenė,87,na,24,na,20,56.316814,22.903861,5
653,Lithuania,Naujoji Akmenė,87,na,24,na,20,56.316814,22.903861,5
654,Lithuania,Naujoji Akmenė,87,na,24,na,20,56.316814,22.903861,5
655,Lithuania,Naujoji Akmenė,87,na,24,na,20,56.316814,22.903861,5
656,Lithuania,Naujoji Akmenė,87,na,24,na,20,56.316814,22.903861,5
657,Lithuania,Naujoji Akmenė,87,na,24,na,20,56.316814,22.903861,5
658,Lithuania,Naujoji Akmenė,1,na,24,na,20,56.316814,22.903861,5
659,Lithuania,Naujoji Akmenė,1,na,24,na,20,56.316814,22.903861,5
660,Lithuania,Naujoji Akmenė,1,na,24,na,20,56.316814,22.903861,5
661,Lithuania,Naujoji Akmenė,1,na,24,na,20,56.316814,22.903861,5
662,Israel,Mate Asher Regional Council,48,na,36,na,41,32.88966,35.09703,19
663,Israel,Mate Asher Regional Council,48,na,36,na,41,32.88966,35.09703,19
664,Israel,Mate Asher Regional Council,48,na,36,na,41,32.88966,35.09703,19
665,Israel,Mate Asher Regional Council,48,na,36,na,41,32.88966,35.09703,19
666,Israel,Mate Asher Regional Council,48,na,36,na,41,32.88966,35.09703,19
667,Israel,Mate Asher Regional Council,48,na,36,na,41,32.88966,35.09703,19
668,Israel,Mate Asher Regional Council,48,na,36,na,41,32.88966,35.09703,19
669,Israel,Mate Asher Regional Council,48,na,36,na,41,32.88966,35.09703,19
670,Côte d'Ivoire,Cocody,55,na,4,na,69,5.36,-4.0083,34
671,Côte d'Ivoire,Cocody,55,na,4,na,69,5.36,-4.0083,34
672,Côte d'Ivoire,Cocody,55,na,4,na,69,5.36,-4.0083,34
673,Côte d'Ivoire,Cocody,55,na,4,na,69,5.36,-4.0083,34
674,Lithuania,Noreikiškės,46,na,29,na,25,54.8878169,23.845993,7
675,Lithuania,Vilnius,34,na,28,na,31,54.7117424,25.2974345,8
676,Lithuania,Vilnius,34,na,28,na,31,54.7117424,25.2974345,8
677,Lithuania,Vilnius,34,na,28,na,31,54.7117424,25.2974345,8
678,Lithuania,Vilnius,34,na,28,na,31,54.7117424,25.2974345,8
679,Lithuania,Vilnius,34,na,28,na,31,54.7117424,25.2974345,8
680,Lithuania,Vilnius,34,na,28,na,31,54.7117424,25.2974345,8
681,Lithuania,Klaipėda,62,na,32,na,23,55.6848552,21.1840107,7
682,Lithuania,Vilnius,34,na,28,na,31,54.7117424,25.2974345,8
683,Lithuania,Vilnius,34,na,28,na,31,54.7117424,25.2974345,8
684,Madagascar,Antananarivo,61,na,8,na,33,-18.908479690552,47.537509918213,12
685,Madagascar,Antananarivo,61,na,8,na,33,-18.908479690552,47.537509918213,12
686,Bangladesh,Dhaka,172,na,10,na,80,23.796373,90.424614,38
687,Malaysia,Kuala Selangor,75,na,12,na,76,3.321308,101.256242,23
688,Malaysia,Kuala Lumpur,59,na,3,na,82,3.15675,101.72145,26
689,Malaysia,Petaling Jaya,77,na,2,na,75,3.133169,101.608011,24
690,Malaysia,Kuala Lumpur,75,na,4,na,73,3.212439,101.682228,22
691,Malaysia,Kuala Lumpur,75,na,4,na,73,3.212439,101.682228,22
692,Malaysia,Kuala Lumpur,59,na,3,na,82,3.15675,101.72145,26
693,Malaysia,Kuala Lumpur,59,na,3,na,82,3.15675,101.72145,26
694,Malaysia,Kuala Lumpur,59,na,3,na,82,3.15675,101.72145,26
695,Malaysia,Nilai,80,na,3,na,73,2.821692,101.811486,25
696,Malaysia,Kuala Lumpur,59,na,3,na,82,3.15675,101.72145,26
697,India,New Delhi,58,7.7,5,4,78,8.5149093,76.9435879,41
698,India,New Delhi,58,7.7,5,4,78,8.5149093,76.9435879,41
699,Malta,Msida,50,0.1,39,15.4,50,35.897778,14.489444,16
700,Malta,Msida,50,0.1,39,15.4,50,35.897778,14.489444,16
701,Spain,San Bartolomé de Tirajana,26,0.1,12,3.7,10,27.772603802631,-15.541856141447,7
702,France,Sainte-Suzanne,20,na,10,na,15,-20.910583333333,55.618916666667,11
703,Mexico,Mexico City,59,8.9,14,29.7,95,19.3262,-99.1761,41
704,Mexico,Mexico City,59,8.9,14,29.7,95,19.3262,-99.1761,41
705,Mexico,Santa Fe,53,2.3,16,16.7,77,19.325146,-99.204136,34
706,Mexico,Mexico City,59,3.4,14,17.6,95,19.371612,-99.158969,41
707,Mexico,Santa Fe,10,10,16,38,77,19.40405,-99.202603,34
708,Mexico,Mexico City,57,4.5,15,15.8,79,19.2721,-99.207658,40
709,Mexico,Santa Fe,10,10,16,38,77,19.40405,-99.202603,34
710,Mexico,Mexico City,59,3.4,14,17.6,95,19.371612,-99.158969,41
711,Mexico,Mexico City,63,8.9,14,29.7,83,19.304441,-99.103629,39
712,Mexico,Mexico City,59,3.4,14,17.6,95,19.371612,-99.158969,41
713,Mexico,Santa Fe,10,10,16,38,77,19.40405,-99.202603,34
714,Mexico,Santa Fe,10,10,16,38,77,19.40405,-99.202603,34
715,Mexico,Santa Fe,53,2.3,16,16.7,77,19.325146,-99.204136,34
716,Mexico,Tlalnepantla,80,5.6,14,27.8,68,19.529077,-99.204597,28
717,Mexico,Mexico City,57,4.5,15,15.8,79,19.2721,-99.207658,40
718,Mexico,Tlalnepantla,80,5.6,14,27.8,68,19.529077,-99.204597,28
719,Mexico,Mexico City,68,5.6,14,28.8,95,19.360794,-99.07388,41
720,Mexico,Mexico City,63,8.9,14,29.7,83,19.304441,-99.103629,39
721,Mexico,Tlalnepantla,80,5.6,14,27.8,68,19.529077,-99.204597,28
722,Mexico,Tlalnepantla,80,5.6,14,27.8,68,19.529077,-99.204597,28
723,Mexico,Tlalnepantla,80,5.6,14,27.8,68,19.529077,-99.204597,28
724,Mexico,Mexico City,68,6.7,14,30.6,95,19.371612,-99.158969,41
725,Mexico,Cuernavaca,61,na,9,na,38,18.90861,-99.21167,15
726,Mexico,Santa Fe,59,3.4,16,26.9,77,19.325146,-99.204136,34
727,Mexico,Tlalnepantla,80,5.6,14,27.8,68,19.529077,-99.204597,28
728,Mexico,Santa Fe,59,3.4,16,26.9,77,19.325146,-99.204136,34
729,Mexico,Mexico City,59,8.9,14,29.7,95,19.3262,-99.1761,41
730,Mexico,Santa Fe,59,3.4,16,26.9,77,19.325146,-99.204136,34
731,Mexico,Mexico City,68,6.7,14,30.6,95,19.371612,-99.158969,41
732,Mexico,Mexico City,63,8.9,14,29.7,83,19.304441,-99.103629,39
733,Mexico,Santa Fe,10,10,16,38,77,19.40405,-99.202603,34
734,Mexico,Mexico City,59,8.9,14,29.7,95,19.3262,-99.1761,41
735,Mexico,Mexico City,59,8.9,14,29.7,95,19.3262,-99.1761,41
736,Mexico,Mexico City,68,6.7,14,30.6,95,19.371612,-99.158969,41
737,Mexico,Mexico City,68,6.7,14,30.6,95,19.371612,-99.158969,41
738,Mongolia,Ulaanbaatar,72,2,11,39,57,47.913429,106.997907,32
739,Mongolia,Ulaanbaatar,56,5,9,4,173,47.9329056,106.9213833,148
740,Mongolia,Ulaanbaatar,56,5,9,4,173,47.928387,106.92947,148
741,Mongolia,Ulaanbaatar,39,na,9,na,173,47.894281,106.882475,148
742,Mongolia,Ulaanbaatar,46,4,11,12,56,47.8664611,107.1180194,32
743,Mongolia,Ulaanbaatar,51,1,9,16,173,47.9176056,106.9373611,148
744,Montenegro,Podgorica,52,na,32,na,28,42.448087,19.240889,8
745,Montenegro,Podgorica,52,na,32,na,28,42.448087,19.240889,8
746,Montenegro,Podgorica,52,na,32,na,28,42.448087,19.240889,8
747,Montenegro,Podgorica,52,na,32,na,28,42.448087,19.240889,8
748,Montenegro,Podgorica,52,na,32,na,28,42.448087,19.240889,8
749,Montenegro,Podgorica,52,na,32,na,28,42.448087,19.240889,8
750,Montenegro,Podgorica,52,na,32,na,28,42.448087,19.240889,8
751,Montenegro,Podgorica,52,na,32,na,28,42.448087,19.240889,8
752,Montenegro,Podgorica,52,na,32,na,28,42.448087,19.240889,8
753,Montenegro,Podgorica,52,na,32,na,28,42.448087,19.240889,8
754,Montenegro,Podgorica,52,na,32,na,28,42.448087,19.240889,8
755,Spain,San Fernando,33,na,41,na,49,36.460594405413,-6.2030661968542,19
756,Spain,Los Barrios,48,na,45,na,32,36.233864730459,-5.6634960942353,11
757,Spain,Los Barrios,48,na,45,na,32,36.233864730459,-5.6634960942353,11
758,Spain,Los Barrios,48,na,45,na,32,36.233864730459,-5.6634960942353,11
759,Spain,Los Barrios,48,na,45,na,32,36.233864730459,-5.6634960942353,11
760,South Africa,Msukaligwa,14,1.3,11,2.6,114,-26.493348,29.968054,45
761,South Africa,Hantam Local Municipality,12,na,7,na,9,-31.398641,19.140214,8
762,South Africa,Hantam Local Municipality,12,na,7,na,9,-31.398641,19.140214,8
763,New Zealand,Blenheim,149,na,7,na,5,-41.52663988,173.95608203,2
764,New Zealand,Taihape,105,na,8,na,3,-39.6778,175.80084,1
765,Costa Rica,Pavas,17,na,4,na,31,9.949488,-84.142876,8
766,Costa Rica,Pavas,17,na,4,na,31,9.949488,-84.142876,8
767,Costa Rica,Pavas,17,na,4,na,31,9.949488,-84.142876,8
768,Costa Rica,Pavas,17,na,4,na,31,9.949488,-84.142876,8
769,Burkina Faso,Ouagadougou,114,na,4,na,30,12.304907,-1.497184,15
770,Burkina Faso,Ouagadougou,114,na,4,na,30,12.304907,-1.497184,15
771,Nigeria,Abuja,19,na,3,na,42,9.0416479110718,7.4773740768433,13
772,Norway,Oslo,62,na,33,na,26,59.9169444,10.766,8
773,Norway,Oslo,59,na,33,na,26,59.93231,10.72455,8
774,Norway,Oslo,59,na,33,na,26,59.93231,10.72455,8
775,Norway,Oslo,59,na,33,na,26,59.93231,10.72455,8
776,Norway,Oslo,59,na,33,na,26,59.93231,10.72455,8
777,Norway,Oslo,66,na,33,na,26,59.914051,10.735978,8
778,Norway,Oslo,59,na,33,na,26,59.93231,10.72455,8
779,Norway,Oslo,62,na,33,na,26,59.9169444,10.766,8
780,Norway,Oslo,66,na,33,na,26,59.914051,10.735978,8
781,Norway,Oslo,66,na,33,na,26,59.92305,10.76574,8
782,Norway,Oslo,59,na,33,na,26,59.93231,10.72455,8
783,Norway,Oslo,59,na,33,na,26,59.93231,10.72455,8
784,Norway,Oslo,66,na,33,na,26,59.92305,10.76574,8
785,Norway,Oslo,66,na,33,na,26,59.92305,10.76574,8
786,Norway,Kristiansand,58,na,32,na,26,58.14888,7.99183,7
787,United Arab Emirates,Al Mutarad,96,na,31,na,138,24.219,55.7348,97
788,Pakistan,Islamabad,97,na,20,na,125,33.7235,73.11822,52
789,Pakistan,Islamabad,97,na,20,na,125,33.7235,73.11822,52
790,Pakistan,Islamabad,97,na,20,na,125,33.7235,73.11822,52
791,Pakistan,Islamabad,97,na,20,na,125,33.7235,73.11822,52
792,Pakistan,Islamabad,97,na,20,na,125,33.7235,73.11822,52
793,Pakistan,Islamabad,97,na,20,na,125,33.7235,73.11822,52
794,Pakistan,Islamabad,97,na,20,na,125,33.7235,73.11822,52
795,Pakistan,Islamabad,97,na,20,na,125,33.7235,73.11822,52
796,Pakistan,Karachi Division,93,na,8,na,157,24.8415,67.0091,140
797,Pakistan,Islamabad,97,na,20,na,125,33.7235,73.11822,52
798,Pakistan,Islamabad,97,na,20,na,125,33.7235,73.11822,52
799,Pakistan,Islamabad,97,na,20,na,125,33.7235,73.11822,52
800,Pakistan,Islamabad,97,na,20,na,125,33.7235,73.11822,52
801,Pakistan,Islamabad,97,na,20,na,125,33.7235,73.11822,52
802,Pakistan,Islamabad,97,na,20,na,125,33.7235,73.11822,52
803,Pakistan,Islamabad,97,na,20,na,125,33.7235,73.11822,52
804,Pakistan,Islamabad,97,na,20,na,125,33.7235,73.11822,52
805,Pakistan,Islamabad,97,na,20,na,125,33.7235,73.11822,52
806,Pakistan,Islamabad,97,na,20,na,125,33.7235,73.11822,52
807,Costa Rica,Pavas,17,na,4,na,31,9.949488,-84.142876,8
808,Costa Rica,Pavas,17,na,4,na,31,9.949488,-84.142876,8
809,Costa Rica,Pavas,17,na,4,na,31,9.949488,-84.142876,8
810,Costa Rica,Pavas,17,na,4,na,31,9.949488,-84.142876,8
811,Brazil,Presidente Prudente,10,na,3,na,111,-22.119936735,-51.408777068,39
812,Brazil,Presidente Prudente,10,na,3,na,111,-22.119936735,-51.408777068,39
813,Peru,Lima Metropolitan Area,59,na,10,na,61,-12.16639,-76.92,33
814,Peru,Lima Metropolitan Area,29,na,5,na,80,-12.04302,-76.97144,37
815,Peru,Lima Metropolitan Area,2,na,10,na,59,-12.10859,-77.00769,27
816,Peru,Lima Metropolitan Area,6,na,10,na,59,-12.07054,-77.04322,27
817,Peru,Lima Metropolitan Area,2,na,10,na,59,-12.10859,-77.00769,27
818,Peru,Lima Metropolitan Area,29,na,5,na,80,-12.04302,-76.97144,37
819,Peru,Lima Metropolitan Area,6,na,10,na,59,-12.07054,-77.04322,27
820,Colombia,Barbosa,34,na,2,na,21,6.4369602,-75.3303986,6
821,Peru,Lima Metropolitan Area,2,na,10,na,59,-12.10859,-77.00769,27
822,Peru,Lima Metropolitan Area,29,na,5,na,80,-12.04302,-76.97144,37
823,Ecuador,Quito,33,na,4,na,7,-0.333949,-78.553416,3
824,Peru,Lima Metropolitan Area,2,na,10,na,59,-12.10859,-77.00769,27
825,Peru,Lima Metropolitan Area,2,na,10,na,59,-12.10859,-77.00769,27
826,Peru,Lima Metropolitan Area,25,na,9,na,62,-12.00889,-77.08447,28
827,Peru,Lima Metropolitan Area,6,na,10,na,59,-12.07054,-77.04322,27
828,Peru,Lima Metropolitan Area,6,na,10,na,59,-12.07054,-77.04322,27
829,Peru,Lima Metropolitan Area,29,na,5,na,80,-12.04302,-76.97144,37
830,Peru,Lima Metropolitan Area,25,na,9,na,62,-12.00889,-77.08447,28
831,Peru,Lima Metropolitan Area,6,na,10,na,59,-12.07054,-77.04322,27
832,Peru,Lima Metropolitan Area,29,na,5,na,80,-12.04302,-76.97144,37
833,Taiwan,Hengchun,17,0.7,9,0.8,44,21.958069,120.788928,15
834,Taiwan,Hengchun,17,0.7,9,0.8,44,21.958069,120.788928,15
835,Taiwan,Hengchun,17,0.7,9,0.8,44,21.958069,120.788928,15
836,Taiwan,Hengchun,17,0.7,9,0.8,44,21.958069,120.788928,15
837,Taiwan,Hengchun,17,0.7,9,0.8,44,21.958069,120.788928,15
838,Taiwan,Hengchun,17,0.7,9,0.8,44,21.958069,120.788928,15
839,Taiwan,Hengchun,17,0.7,9,0.8,44,21.958069,120.788928,15
840,Taiwan,Hengchun,17,0.7,9,0.8,44,21.958069,120.788928,15
841,Taiwan,Hengchun,17,0.7,9,0.8,44,21.958069,120.788928,15
842,Taiwan,Hengchun,17,0.7,9,0.8,44,21.958069,120.788928,15
843,Taiwan,Hengchun,17,0.7,9,0.8,44,21.958069,120.788928,15
844,Taiwan,Hengchun,17,0.7,9,0.8,44,21.958069,120.788928,15
845,Taiwan,Hengchun,17,0.7,9,0.8,44,21.958069,120.788928,15
846,Taiwan,Hengchun,17,0.7,9,0.8,44,21.958069,120.788928,15
847,Taiwan,Hengchun,17,0.7,9,0.8,44,21.958069,120.788928,15
848,Taiwan,Hengchun,17,0.7,9,0.8,44,21.958069,120.788928,15
849,Taiwan,Hengchun,17,0.7,9,0.8,44,21.958069,120.788928,15
850,Taiwan,Hengchun,17,0.7,9,0.8,44,21.958069,120.788928,15
851,Poland,Warsaw,60,0.1,28,30.8,63,52.225171,21.014783,20
852,Poland,Warsaw,60,0.1,28,30.8,63,52.225171,21.014783,20
853,Poland,Warsaw,60,0.1,28,30.8,63,52.225171,21.014783,20
854,Poland,Warsaw,63,1.1,28,8.7,63,52.290915,21.042459,20
855,Poland,Piastów,59,na,39,na,67,52.191789,20.837494,21
856,Poland,Warsaw,58,1.9,40,3.2,60,52.160838,21.033815,18
857,Poland,Warsaw,60,0.1,28,30.8,63,52.225171,21.014783,20
858,Poland,Warsaw,63,1.1,28,8.7,63,52.290915,21.042459,20
859,Poland,Warsaw,60,0.1,28,30.8,63,52.225171,21.014783,20
860,Poland,Warsaw,58,1.9,40,3.2,60,52.160838,21.033815,18
861,Poland,Warsaw,63,1.1,28,8.7,63,52.290915,21.042459,20
862,Poland,Warsaw,58,1.9,40,3.2,60,52.160838,21.033815,18
863,Poland,Warsaw,60,0.1,28,30.8,63,52.225171,21.014783,20
864,Poland,Warsaw,60,0.1,28,30.8,63,52.225171,21.014783,20
865,Poland,Warsaw,60,0.1,28,30.8,63,52.225171,21.014783,20
866,Poland,Warsaw,60,0.1,28,30.8,63,52.225171,21.014783,20
867,Poland,Warsaw,60,0.1,28,30.8,63,52.225171,21.014783,20
868,Poland,Warsaw,60,0.1,28,30.8,63,52.225171,21.014783,20
869,Portugal,Lisbon,22,na,24,na,40,38.748611111111,-9.1488888888889,12
870,Portugal,Lisbon,22,na,24,na,40,38.748611111111,-9.1488888888889,12
871,Portugal,Lisbon,22,na,24,na,40,38.748611111111,-9.1488888888889,12
872,Portugal,Lisbon,22,na,24,na,40,38.748611111111,-9.1488888888889,12
873,Portugal,Lisbon,22,na,24,na,40,38.748611111111,-9.1488888888889,12
874,Portugal,Lisbon,22,na,24,na,40,38.748611111111,-9.1488888888889,12
875,Portugal,Lisbon,22,na,24,na,40,38.748611111111,-9.1488888888889,12
876,Portugal,Lisbon,22,na,24,na,40,38.748611111111,-9.1488888888889,12
877,Portugal,Paços de Ferreira,20,na,24,na,49,41.274166666667,-8.3761111111111,15
878,Portugal,Lisbon,22,na,24,na,40,38.748611111111,-9.1488888888889,12
879,Portugal,Lisbon,22,na,24,na,40,38.748611111111,-9.1488888888889,12
880,Portugal,Lisbon,22,na,24,na,40,38.748611111111,-9.1488888888889,12
881,Portugal,Lisbon,22,na,24,na,40,38.748611111111,-9.1488888888889,12
882,Portugal,Lisbon,22,na,24,na,40,38.748611111111,-9.1488888888889,12
883,Qatar,Al-Shahaniya,109,na,26,na,120,25.3337,51.22953,102
884,Qatar,Al-Shahaniya,109,na,26,na,120,25.3337,51.22953,102
885,Qatar,Al-Shahaniya,109,na,26,na,120,25.3337,51.22953,102
886,Ireland,Dublin,3,na,21,na,19,53.347863,-6.243785,8
887,Ireland,Dublin,3,na,21,na,19,53.347863,-6.243785,8
888,Ireland,Blackrock,21,na,26,na,16,53.286763,-6.173349,6
889,Ireland,Dublin,1,na,21,na,19,53.343628,-6.270197,8
890,Ireland,Dublin,1,na,21,na,19,53.343628,-6.270197,8
891,Ireland,Dublin,21,na,21,na,19,53.336295000214,-6.3090199999589,8
892,Ireland,Blanchardstown,22,na,21,na,30,53.385636000137,-6.3699340002986,10
893,Ireland,Dublin,3,na,21,na,19,53.347863,-6.243785,8
894,Ireland,Dublin,1,na,21,na,19,53.343628,-6.270197,8
895,Ireland,Dublin,22,na,21,na,19,53.345840000035,-6.2947949995684,8
896,Ireland,Dublin,1,na,21,na,19,53.343628,-6.270197,8
897,Ireland,Tallaght,19,na,25,na,15,53.280541000076,-6.3588420002256,6
898,Ireland,Blackrock,21,na,26,na,16,53.286763,-6.173349,6
899,Ireland,Dublin,3,na,21,na,19,53.347863,-6.243785,8
900,Ireland,Dublin,20,na,21,na,19,53.338252,-6.280805,8
901,Ireland,Dundrum,23,na,25,na,14,53.311838999844,-6.2353160004029,5
902,Ireland,Dublin,3,na,21,na,19,53.347863,-6.243785,8
903,Ireland,Dublin,1,na,21,na,19,53.343628,-6.270197,8
904,Ireland,Blackrock,21,na,26,na,16,53.286763,-6.173349,6
905,Ireland,Dublin,3,na,21,na,19,53.347863,-6.243785,8
906,Ireland,Dublin,16,na,21,na,30,53.318902,-6.32176,10
907,Ireland,Dublin,1,na,21,na,19,53.343628,-6.270197,8
908,Ireland,Dublin,27,na,21,na,19,53.322562,-6.237014,8
909,Ireland,Dublin,27,na,21,na,19,53.322562,-6.237014,8
910,Ireland,Dublin,20,na,21,na,19,53.338252,-6.280805,8
911,Ireland,Blackrock,21,na,26,na,16,53.286763,-6.173349,6
912,Ireland,Dublin,3,na,21,na,19,53.347863,-6.243785,8
913,Ireland,Dublin,1,na,21,na,19,53.343628,-6.270197,8
914,Ireland,Dublin,3,na,21,na,19,53.347863,-6.243785,8
915,Ireland,Dublin,18,na,21,na,19,53.33192,-6.215766,8
916,Ireland,Dublin,1,na,21,na,19,53.343628,-6.270197,8
917,Ireland,Dublin,3,na,21,na,19,53.347863,-6.243785,8
918,Romania,Bucharest,15,na,31,na,42,44.4185543,26.1615982,12
919,Romania,Bucharest,45,na,31,na,45,44.4258997,26.0544366,13
920,Romania,Bucharest,45,na,31,na,45,44.4258997,26.0544366,13
921,Romania,Bucharest,45,na,31,na,45,44.4258997,26.0544366,13
922,Romania,Bucharest,49,na,30,na,45,44.4556327,26.0251529,13
923,Romania,Bucharest,45,na,31,na,45,44.4258997,26.0544366,13
924,Romania,Bucharest,45,na,31,na,45,44.4258997,26.0544366,13
925,Romania,Bucharest,45,na,31,na,45,44.4258997,26.0544366,13
926,Romania,Bucharest,15,na,31,na,42,44.4185543,26.1615982,12
927,Romania,Bucharest,45,na,31,na,45,44.4258997,26.0544366,13
928,Romania,Bucharest,15,na,31,na,42,44.4185543,26.1615982,12
929,Romania,Bucharest,15,na,31,na,42,44.4185543,26.1615982,12
930,Romania,Bucharest,45,na,31,na,45,44.4258997,26.0544366,13
931,Romania,Bucharest,45,na,31,na,45,44.4258997,26.0544366,13
932,Romania,Bucharest,45,na,31,na,45,44.4258997,26.0544366,13
933,Romania,Bucharest,45,na,31,na,45,44.4258997,26.0544366,13
934,Romania,Bucharest,49,na,30,na,45,44.4556327,26.0251529,13
935,Russia,Moscow,2,2.1,17,14.2,51,55.718774,37.570271,18
936,Russia,Moscow,32,13,17,11,51,55.76385,37.6621,18
937,Russia,Moscow,77,0.3,17,5.1,34,55.708638,37.479385,10
938,Russia,Moscow,32,1.6,17,15.6,51,55.759354,37.595584,18
939,Russia,Moscow,32,1.6,17,15.6,51,55.759354,37.595584,18
940,Russia,Moscow,77,0.3,17,5.1,34,55.708638,37.479385,10
941,Russia,Moscow,1,1.3,18,13.3,36,55.535478,37.57936,10
942,Russia,Moscow,77,0.3,17,5.1,34,55.708638,37.479385,10
943,Russia,Moscow,32,1.6,17,15.6,51,55.759354,37.595584,18
944,Russia,Moscow,77,0.3,17,5.1,34,55.708638,37.479385,10
945,Russia,Moscow,32,13,17,11,51,55.76385,37.6621,18
946,Russia,Moscow,32,13,17,11,51,55.76385,37.6621,18
947,Russia,Moscow,32,1.6,17,15.6,51,55.759354,37.595584,18
948,Russia,Moscow,32,1.6,17,15.6,51,55.759354,37.595584,18
949,Russia,Moscow,32,13,17,11,51,55.76385,37.6621,18
950,Russia,Moscow,4,3.9,17,41.6,35,55.688043,37.863004,11
951,Russia,Moscow,2,2.1,17,14.2,51,55.718774,37.570271,18
952,Russia,Moscow,32,1.6,17,15.6,51,55.759354,37.595584,18
953,Russia,Moscow,32,1.6,17,15.6,51,55.759354,37.595584,18
954,Russia,Moscow,32,1.6,17,15.6,51,55.759354,37.595584,18
955,Russia,Moscow,77,0.3,17,5.1,34,55.708638,37.479385,10
956,Russia,Moscow,77,0.3,17,5.1,34,55.708638,37.479385,10
957,Russia,Moscow,77,0.3,17,5.1,34,55.708638,37.479385,10
958,Russia,Moscow,32,1.6,17,15.6,51,55.759354,37.595584,18
959,Russia,Moscow,32,1.6,17,15.6,51,55.759354,37.595584,18
960,Russia,Moscow,2,2.1,17,14.2,51,55.718774,37.570271,18
961,Russia,Moscow,32,1.6,17,15.6,51,55.759354,37.595584,18
962,Russia,Moscow,77,0.3,17,5.1,34,55.708638,37.479385,10
963,Russia,Moscow,32,1.6,17,15.6,51,55.759354,37.595584,18
964,Russia,Moscow,4,3.9,17,41.6,35,55.688043,37.863004,11
965,Russia,Moscow,2,2.1,17,14.2,51,55.718774,37.570271,18
966,Russia,Moscow,32,1.6,17,15.6,51,55.759354,37.595584,18
967,Russia,Moscow,32,1.6,17,15.6,51,55.759354,37.595584,18
968,Russia,Moscow,32,13,17,11,51,55.76385,37.6621,18
969,Russia,Moscow,32,1.6,17,15.6,51,55.759354,37.595584,18
970,Russia,Moscow,2,2.1,17,14.2,51,55.718774,37.570271,18
971,Russia,Moscow,32,1.6,17,15.6,51,55.759354,37.595584,18
972,Russia,Moscow,2,2.1,17,14.2,51,55.718774,37.570271,18
973,Russia,Moscow,77,0.3,17,5.1,34,55.708638,37.479385,10
974,Russia,Zelenograd,2,1.9,21,8.7,16,55.994145,37.172252,5
975,Russia,Moscow,77,0.3,17,5.1,34,55.708638,37.479385,10
976,Russia,Moscow,32,13,17,11,51,55.76385,37.6621,18
977,Russia,Moscow,32,1.6,17,15.6,51,55.759354,37.595584,18
978,Russia,Moscow,2,2.1,17,14.2,51,55.718774,37.570271,18
979,Russia,Moscow,2,2.1,17,14.2,51,55.718774,37.570271,18
980,Russia,Moscow,32,1.6,17,15.6,51,55.759354,37.595584,18
981,Russia,Moscow,32,1.6,17,15.6,51,55.759354,37.595584,18
982,Russia,Moscow,32,1.6,17,15.6,51,55.759354,37.595584,18
983,Russia,Moscow,32,1.6,17,15.6,51,55.759354,37.595584,18
984,Russia,Moscow,32,13,17,11,51,55.76385,37.6621,18
985,Russia,Moscow,77,0.3,17,5.1,34,55.708638,37.479385,10
986,Russia,Moscow,32,13,17,11,51,55.76385,37.6621,18
987,Russia,Moscow,32,13,17,11,51,55.76385,37.6621,18
988,Russia,Moscow,77,0.3,17,5.1,34,55.708638,37.479385,10
989,Rwanda,Kigali,95,na,6,na,68,-1.936231,30.077951,27
990,Rwanda,Kigali,95,na,6,na,68,-1.936231,30.077951,27
991,France,Marigot,29,na,8,na,18,18.070114,-63.081481,8
992,France,Marigot,29,na,8,na,18,18.070114,-63.081481,8
993,France,Marigot,29,na,8,na,18,18.070114,-63.081481,8
994,France,Sainte-Luce,38,na,6,na,19,14.468867,-60.927389,10
995,France,Sainte-Luce,38,na,6,na,19,14.468867,-60.927389,10
996,Bahrain,Manama,80,na,26,na,131,26.204697,50.57083,101
997,Bahrain,Manama,80,na,26,na,131,26.204697,50.57083,101
998,Bahrain,Manama,80,na,26,na,131,26.204697,50.57083,101
999,Bahrain,Manama,80,na,26,na,131,26.204697,50.57083,101
1000,Bahrain,Manama,80,na,26,na,131,26.204697,50.57083,101
1001,Bahrain,Manama,80,na,26,na,131,26.204697,50.57083,101
1002,Bahrain,Manama,80,na,26,na,131,26.204697,50.57083,101
1003,Bahrain,Manama,80,na,26,na,131,26.204697,50.57083,101
1004,Bahrain,Manama,80,na,26,na,131,26.204697,50.57083,101
1005,Bahrain,Manama,80,na,26,na,131,26.204697,50.57083,101
1006,Spain,Valverde,24,na,13,na,8,27.831949454874,-17.921644512378,6
1007,Spain,Valverde,24,na,13,na,8,27.831949454874,-17.921644512378,6
1008,Spain,Valverde,24,na,13,na,8,27.831949454874,-17.921644512378,6
1009,Serbia,Belgrade,73,1.9,37,26.7,69,44.821,20.459222222222,23
1010,Serbia,Belgrade,55,1.3,37,6.3,69,44.82112,20.459113,23
1011,Serbia,Belgrade,73,1.9,37,26.7,69,44.821,20.459222222222,23
1012,Serbia,Belgrade,58,na,31,na,49,44.796959,20.475288,14
1013,Serbia,Belgrade,73,1.9,37,26.7,69,44.821,20.459222222222,23
1014,Serbia,Belgrade,58,na,31,na,49,44.796959,20.475288,14
1015,Serbia,Belgrade,61,4.9,31,14.8,49,44.794262,20.463173,14
1016,Serbia,Belgrade,57,na,31,na,49,44.777237,20.457029,14
1017,Serbia,Belgrade,73,1.9,37,26.7,69,44.821,20.459222222222,23
1018,Serbia,Belgrade,63,4.4,31,4.3,49,44.796427,20.486154,14
1019,Serbia,Belgrade,57,na,31,na,49,44.777237,20.457029,14
1020,Serbia,Belgrade,61,na,37,na,72,44.835246,20.403299,25
1021,Serbia,Belgrade,58,na,31,na,49,44.796959,20.475288,14
1022,Serbia,Belgrade,56,2.6,31,7,49,44.788646,20.444507,14
1023,Serbia,Belgrade,54,2.9,37,3.5,72,44.803111111111,20.400027777778,24
1024,Serbia,Belgrade,73,1.9,37,26.7,69,44.821,20.459222222222,23
1025,Serbia,Belgrade,57,na,31,na,49,44.777237,20.457029,14
1026,Serbia,Belgrade,55,1.3,37,6.3,69,44.82112,20.459113,23
1027,Côte d'Ivoire,Cocody,55,na,4,na,69,5.36,-4.0083,34
1028,Côte d'Ivoire,Cocody,55,na,4,na,69,5.36,-4.0083,34
1029,Côte d'Ivoire,Cocody,55,na,4,na,69,5.36,-4.0083,34
1030,Slovakia,Bratislava,74,2.2,36,11.9,44,48.1448688,17.1130846,12
1031,Slovakia,Bratislava,85,2.3,36,3.2,44,48.1684184,17.1078752,12
1032,Slovakia,Bratislava,74,2.2,36,11.9,44,48.1448688,17.1130846,12
1033,Slovakia,Bratislava,74,2.2,36,11.9,44,48.1448688,17.1130846,12
1034,Slovakia,Bratislava,74,2.2,36,11.9,44,48.1448688,17.1130846,12
1035,Slovakia,Bratislava,85,2.3,36,3.2,44,48.1684184,17.1078752,12
1036,Slovakia,Bratislava,85,2.3,36,3.2,44,48.1684184,17.1078752,12
1037,Slovenia,Ljubljana,59,na,41,na,51,46.037791,14.494001,15
1038,Slovenia,Ljubljana,59,na,41,na,51,46.037791,14.494001,15
1039,Slovenia,Kromberk,65,na,44,na,53,45.955569063015,13.652389822931,15
1040,Slovenia,Ljubljana,63,0.1,38,3.7,56,46.065851,14.517454,17
1041,Australia,Canberra,82,na,7,na,11,-21.1595,149.1549,5
1042,Kenya,Nairobi,143,na,6,na,58,-1.23437,36.81732,33
1043,Kenya,Nairobi,143,na,6,na,58,-1.23437,36.81732,33
1044,South Africa,Bellville,21,na,7,na,25,-33.9155,18.643556,13
1045,South Africa,Parow,25,na,7,na,25,-33.9025,18.565194,13
1046,South Africa,Cape Town,6,6.3,8,1.8,17,-33.927546,18.482759,10
1047,South Africa,Cape Town,43,na,9,na,12,-33.913833,18.425167,8
1048,Malta,Żejtun,49,na,39,na,50,35.8555556,14.5333333,16
1049,South Africa,Cape Town,6,6.3,8,1.8,17,-33.927546,18.482759,10
1050,South Africa,Cape Town,6,6.3,8,1.8,17,-33.927546,18.482759,10
1051,South Africa,Cape Town,6,6.3,8,1.8,17,-33.927546,18.482759,10
1052,South Africa,Cape Town,6,6.3,8,1.8,17,-33.927546,18.482759,10
1053,South Africa,Cape Town,43,na,9,na,12,-33.913833,18.425167,8
1054,South Africa,Cape Town,6,6.3,8,1.8,17,-33.927546,18.482759,10
1055,Rwanda,Kigali,95,na,6,na,68,-1.936231,30.077951,27
1056,Spain,Madrid,30,0.1,22,8.3,32,40.4167754,-3.7037902,10
1057,Spain,Madrid,30,0.1,22,8.3,32,40.4167754,-3.7037902,10
1058,Spain,Madrid,30,0.1,22,8.3,32,40.4167754,-3.7037902,10
1059,Spain,Madrid,30,0.1,22,8.3,32,40.4167754,-3.7037902,10
1060,Spain,Madrid,9,na,22,na,32,40.445542,-3.707129,10
1061,Spain,Madrid,30,0.1,22,8.3,32,40.4167754,-3.7037902,10
1062,Spain,Barcelona,59,0.1,24,15.6,72,41.38534,2.153822,38
1063,Spain,Madrid,63,0.1,25,9.2,33,40.421562,-3.682319,10
1064,Spain,Madrid,25,na,22,na,31,40.419352,-3.747346,10
1065,Spain,Madrid,30,0.1,22,8.3,32,40.4167754,-3.7037902,10
1066,Spain,Madrid,21,na,22,na,32,40.439891,-3.690366,10
1067,Spain,Madrid,63,0.1,25,9.2,33,40.421562,-3.682319,10
1068,Spain,Madrid,9,na,22,na,32,40.445542,-3.707129,10
1069,Saudi Arabia,Jeddah,53,na,18,na,74,21.543486,39.17299,54
1070,Saudi Arabia,Jeddah,53,na,18,na,74,21.543486,39.17299,54
1071,Saudi Arabia,Jeddah,53,na,18,na,74,21.543486,39.17299,54
1072,Saudi Arabia,Jeddah,53,na,18,na,74,21.543486,39.17299,54
1073,Saudi Arabia,Jeddah,53,na,18,na,74,21.543486,39.17299,54
1074,Saudi Arabia,Jeddah,53,na,18,na,74,21.543486,39.17299,54
1075,Saudi Arabia,Jeddah,53,na,18,na,74,21.543486,39.17299,54
1076,Saudi Arabia,Jeddah,53,na,18,na,74,21.543486,39.17299,54
1077,Saudi Arabia,Jeddah,53,na,18,na,74,21.543486,39.17299,54
1078,Saudi Arabia,Jeddah,53,na,18,na,74,21.543486,39.17299,54
1079,Saudi Arabia,Jeddah,53,na,18,na,74,21.543486,39.17299,54
1080,Saudi Arabia,Jeddah,53,na,18,na,74,21.543486,39.17299,54
1081,France,Kourou,15,na,4,na,3,5.16425,-52.6465,2
1082,Sweden,Sollentuna kommun,39,na,34,na,29,59.44592161984784,17.95499263300909,8
1083,Sweden,Stockholm,27,na,34,na,30,59.3146033825323,18.0771383476735,9
1084,Sweden,Stockholm,29,0.1,30,11.7,31,59.3408269502832,18.0582536812784,9
1085,Sweden,Stockholm,29,0.1,30,11.7,31,59.3408269502832,18.0582536812784,9
1086,Sweden,Stockholm,29,0.1,30,11.7,31,59.3408269502832,18.0582536812784,9
1087,Sweden,Stockholm,15,na,30,na,31,59.31330008340998,18.004038969950518,9
1088,Sweden,Stockholm,49,na,30,na,31,59.340500235637215,18.03701613412481,9
1089,Sweden,Stockholm,29,0.1,30,11.7,31,59.3408269502832,18.0582536812784,9
1090,Sweden,Stockholm,27,na,34,na,30,59.3146033825323,18.0771383476735,9
1091,Switzerland,Bern,41,na,29,na,31,46.951111111111,7.4408333333333,10
1092,Switzerland,Opfikon,47,na,31,na,38,47.438727425121,8.5701197998635,15
1093,Switzerland,Bern,41,na,29,na,31,46.951111111111,7.4408333333333,10
1094,Jordan,Amman,35,na,37,na,38,32.557751,35.845016,13
1095,Jordan,Amman,35,na,37,na,38,32.557751,35.845016,13
1096,Jordan,Amman,35,na,37,na,38,32.557751,35.845016,13
1097,Jordan,Amman,35,na,37,na,38,32.557751,35.845016,13
1098,Tajikistan,Dushanbe,104,na,13,na,89,38.55767,68.77592,54
1099,Tajikistan,Dushanbe,104,na,13,na,89,38.55767,68.77592,54
1100,Tajikistan,Dushanbe,104,na,13,na,89,38.55767,68.77592,54
1101,Tajikistan,Dushanbe,104,na,13,na,89,38.55767,68.77592,54
1102,Kenya,Nairobi,143,na,6,na,58,-1.23437,36.81732,33
1103,Kenya,Nairobi,143,na,6,na,58,-1.23437,36.81732,33
1104,Thailand,Bangkok,68,0.1,1,15,82,13.729852,100.536501,26
1105,Thailand,Bangkok,68,0.1,1,15,82,13.729852,100.536501,26
1106,Thailand,Bangkok,65,na,1,na,68,13.666183,100.605742,20
1107,Thailand,Bangkok,68,0.1,1,15,82,13.729852,100.536501,26
1108,Thailand,Bangkok,61,0.1,1,12.7,82,13.7563309,100.5017651,26
1109,Thailand,Bangkok,46,na,1,na,72,13.779873,100.646009,22
1110,Thailand,Bangkok,70,na,1,na,84,13.7054879,100.315622,26
1111,Thailand,Bangkok,78,na,1,na,82,13.727622,100.486568,26
1112,Thailand,Bangkok,61,0.1,1,12.7,82,13.7563309,100.5017651,26
1113,Thailand,Bangkok,55,0.1,1,13.3,79,13.907861,100.535641,24
1114,Thailand,Bangkok,61,0.1,1,12.7,82,13.7563309,100.5017651,26
1115,Thailand,Bangkok,70,na,1,na,84,13.7054879,100.315622,26
1116,Thailand,Bangkok,59,0.1,1,7.5,80,14.03742,100.605216,25
1117,Thailand,Bangkok,30,0.1,4,4.7,31,13.428581,100.024664,19
1118,Thailand,Bangkok,59,0.1,1,7.5,80,14.03742,100.605216,25
1119,Thailand,Bangkok,61,0.1,1,12.7,82,13.7563309,100.5017651,26
1120,Thailand,Bangkok,61,0.1,1,12.7,82,13.7563309,100.5017651,26
1121,Thailand,Bangkok,68,0.1,1,15,82,13.729852,100.536501,26
1122,Thailand,Bangkok,50,0.1,1,16.7,82,13.8069333,100.5355167,26
1123,Thailand,Bangkok,55,0.1,1,13.3,79,13.907861,100.535641,24
1124,Thailand,Bangkok,61,0.1,1,12.7,82,13.7563309,100.5017651,26
1125,Thailand,Bangkok,53,0.1,1,9.8,65,14.526343,100.926047,18
1126,Thailand,Bangkok,61,0.1,1,12.7,72,13.769634,100.614567,22
1127,Thailand,Bangkok,61,0.1,1,12.7,72,13.769634,100.614567,22
1128,Thailand,Bangkok,46,na,1,na,72,13.779873,100.646009,22
1129,Thailand,Bangkok,50,0.1,1,16.7,82,13.8069333,100.5355167,26
1130,Thailand,Bangkok,57,0.1,1,8.1,68,13.652141,100.531805,19
1131,Thailand,Bangkok,55,0.1,1,13.3,79,13.907861,100.535641,24
1132,Thailand,Bangkok,55,0.1,1,13.3,79,13.907861,100.535641,24
1133,Thailand,Bangkok,93,0.1,1,12.7,82,13.76251667,100.5502,26
1134,Thailand,Bangkok,46,0.1,1,12.7,72,13.7954248,100.5930298,22
1135,Thailand,Bangkok,55,0.1,1,13.3,79,13.907861,100.535641,24
1136,Thailand,Bangkok,78,0.1,1,15,72,13.77553,100.569195,22
1137,Thailand,Bangkok,46,na,1,na,72,13.779873,100.646009,22
1138,Thailand,Bangkok,55,0.1,1,13.3,79,13.907861,100.535641,24
1139,Thailand,Bangkok,61,0.1,1,12.7,72,13.769634,100.614567,22
1140,Thailand,Bangkok,78,0.1,1,15,72,13.77553,100.569195,22
1141,Thailand,Bangkok,59,0.1,1,7.5,80,14.03742,100.605216,25
1142,Nigeria,Abuja,39,na,4,na,113,6.4404830932617,3.4068150520325,55
1143,Malta,Għarb,51,na,44,na,41,36.0611111,14.2091667,13
1144,Malta,Għarb,51,na,44,na,41,36.0611111,14.2091667,13
1145,Malta,Għarb,51,na,44,na,41,36.0611111,14.2091667,13
1146,Malta,Għarb,51,na,44,na,41,36.0611111,14.2091667,13
1147,Malta,Għarb,51,na,44,na,41,36.0611111,14.2091667,13
1148,Malta,Għarb,51,na,44,na,41,36.0611111,14.2091667,13
1149,Malta,Għarb,51,na,44,na,41,36.0611111,14.2091667,13
1150,Malta,Għarb,51,na,44,na,41,36.0611111,14.2091667,13
1151,Turkey,Çankaya,16,8.6,25,8.5,22,39.861041,32.640589,7
1152,Turkey,Ankara,30,15.4,25,6.9,38,39.91832282586664,32.82290472883654,11
1153,Turkey,Yeşilkent,25,7.3,25,4.5,38,39.85743351150776,32.858460545539835,11
1154,Turkey,Ankara,30,15.4,25,6.9,38,39.91832282586664,32.82290472883654,11
1155,Turkey,Ankara,59,15.4,25,39.3,38,39.92706513272927,32.86001400920846,11
1156,Turkey,Çankaya,16,8.6,25,8.5,22,39.861041,32.640589,7
1157,Turkey,Yenimahalle,35,6.6,25,8.9,25,39.953754,32.726386,8
1158,Turkey,Yenimahalle,35,6.6,25,8.9,25,39.953754,32.726386,8
1159,Turkey,Çankaya,16,8.6,25,8.5,22,39.861041,32.640589,7
1160,Turkey,Ankara,30,15.4,25,6.9,38,39.91832282586664,32.82290472883654,11
1161,Turkey,Ankara,30,15.4,25,6.9,38,39.91832282586664,32.82290472883654,11
1162,Turkey,Ankara,59,15.4,25,39.3,38,39.92706513272927,32.86001400920846,11
1163,Turkmenistan,Ashgabat City,63,na,16,na,62,37.9415,58.3879,53
1164,Turkmenistan,Ashgabat City,63,na,16,na,62,37.9415,58.3879,53
1165,Turkmenistan,Ashgabat City,63,na,16,na,62,37.9415,58.3879,53
1166,Turkmenistan,Ashgabat City,63,na,16,na,62,37.9415,58.3879,53
1167,Turkmenistan,Ashgabat City,63,na,16,na,62,37.9415,58.3879,53
1168,Turkmenistan,Ashgabat City,63,na,16,na,62,37.9415,58.3879,53
1169,Turkmenistan,Ashgabat City,63,na,16,na,62,37.9415,58.3879,53
1170,Rwanda,Kigali,95,na,6,na,68,-1.936231,30.077951,27
1171,Rwanda,Kigali,95,na,6,na,68,-1.936231,30.077951,27
1172,Rwanda,Kigali,95,na,6,na,68,-1.936231,30.077951,27
1173,Rwanda,Kigali,95,na,6,na,68,-1.936231,30.077951,27
1174,Rwanda,Kigali,95,na,6,na,68,-1.936231,30.077951,27
1175,Rwanda,Kigali,95,na,6,na,68,-1.936231,30.077951,27
1176,Rwanda,Kigali,95,na,6,na,68,-1.936231,30.077951,27
1177,Rwanda,Kigali,95,na,6,na,68,-1.936231,30.077951,27
1178,Rwanda,Kigali,95,na,6,na,68,-1.936231,30.077951,27
1179,Rwanda,Kigali,95,na,6,na,68,-1.936231,30.077951,27
1180,Rwanda,Kigali,95,na,6,na,68,-1.936231,30.077951,27
1181,Rwanda,Kigali,95,na,6,na,68,-1.936231,30.077951,27
1182,Rwanda,Kigali,95,na,6,na,68,-1.936231,30.077951,27
1183,Rwanda,Kigali,95,na,6,na,68,-1.936231,30.077951,27
1184,Rwanda,Kigali,95,na,6,na,68,-1.936231,30.077951,27
1185,Rwanda,Kigali,95,na,6,na,68,-1.936231,30.077951,27
1186,Rwanda,Kigali,95,na,6,na,68,-1.936231,30.077951,27
1187,Rwanda,Kigali,95,na,6,na,68,-1.936231,30.077951,27
1188,Rwanda,Kigali,95,na,6,na,68,-1.936231,30.077951,27
1189,Rwanda,Kigali,95,na,6,na,68,-1.936231,30.077951,27
1190,Rwanda,Kigali,95,na,6,na,68,-1.936231,30.077951,27
1191,Rwanda,Kigali,95,na,6,na,68,-1.936231,30.077951,27
1192,Rwanda,Kigali,95,na,6,na,68,-1.936231,30.077951,27
1193,Rwanda,Kigali,95,na,6,na,68,-1.936231,30.077951,27
1194,Rwanda,Kigali,95,na,6,na,68,-1.936231,30.077951,27
1195,Rwanda,Kigali,95,na,6,na,68,-1.936231,30.077951,27
1196,Rwanda,Kigali,95,na,6,na,68,-1.936231,30.077951,27
1197,Rwanda,Kigali,95,na,6,na,68,-1.936231,30.077951,27
1198,Rwanda,Kigali,95,na,6,na,68,-1.936231,30.077951,27
1199,Rwanda,Kigali,95,na,6,na,68,-1.936231,30.077951,27
1200,Rwanda,Kigali,95,na,6,na,68,-1.936231,30.077951,27
1201,Romania,Ungheni,2,na,28,na,28,47.2,27.783333,7
1202,Romania,Ungheni,2,na,28,na,28,47.2,27.783333,7
1203,Turkey,Sinop,36,na,32,na,39,42.029078040164,35.1552890251045,12
1204,Romania,Ungheni,2,na,28,na,28,47.2,27.783333,7
1205,Romania,Ungheni,2,na,28,na,28,47.2,27.783333,7
1206,Portugal,Ribeirinha,23,na,15,na,18,38.605,-28.631388888889,7
1207,Romania,Ungheni,2,na,28,na,28,47.2,27.783333,7
1208,Romania,Ungheni,2,na,28,na,28,47.2,27.783333,7
1209,Romania,Ungheni,2,na,28,na,28,47.2,27.783333,7
1210,Romania,Ungheni,2,na,28,na,28,47.2,27.783333,7
1211,Romania,Ungheni,2,na,28,na,28,47.2,27.783333,7
1212,Romania,Ungheni,2,na,28,na,28,47.2,27.783333,7
1213,Romania,Ungheni,2,na,28,na,28,47.2,27.783333,7
1214,Romania,Ungheni,2,na,28,na,28,47.2,27.783333,7
1215,Romania,Ungheni,2,na,28,na,28,47.2,27.783333,7
1216,Romania,Ungheni,2,na,28,na,28,47.2,27.783333,7
1217,Romania,Ungheni,2,na,28,na,28,47.2,27.783333,7
1218,Romania,Ungheni,2,na,28,na,28,47.2,27.783333,7
1219,Romania,Ungheni,2,na,28,na,28,47.2,27.783333,7
1220,United Arab Emirates,Rabdan,86,0.1,31,3.8,134,24.403725901797,54.516212598318,96
1221,United Arab Emirates,Dubai,93,na,24,na,138,25.25848,55.309166,87
1222,United Arab Emirates,Al Tiwayya,113,na,31,na,138,24.259283538347,55.704940681812,97
1223,United Arab Emirates,Abu Dhabi,43,na,32,na,128,24.484653749994,54.364735330707,93
1224,France,Fontainebleau,33,na,28,na,23,48.3545,2.64536,7
1225,United Arab Emirates,Abu Dhabi,43,na,32,na,128,24.484653749994,54.364735330707,93
1226,United Kingdom,London,18,na,25,na,52,51.5013906712066,-0.0782034373606952,15
1227,United Kingdom,London,20,na,25,na,50,51.4563,0.085606,15
1228,United Kingdom,City of Westminster,17,na,25,na,52,51.4922482333024,-0.147114752900186,15
1229,United Kingdom,London,5,na,25,na,50,51.490532,0.074003,15
1230,United Kingdom,City of Westminster,17,na,25,na,52,51.4922482333024,-0.147114752900186,15
1231,United Kingdom,London,33,2.3,25,5.7,52,51.52229,-0.125889,15
1232,United Kingdom,Belfast,20,na,21,na,19,54.59965,-5.928833,6
1233,United Kingdom,London,5,na,25,na,50,51.490532,0.074003,15
1234,United Kingdom,City of London,23,na,25,na,52,51.520225273171,-0.0961060474176381,15
1235,United Kingdom,London,22,2.7,24,6.4,32,51.489398,-0.310081,9
1236,United Kingdom,London,5,na,24,na,32,51.476168,-0.230427,9
1237,United Kingdom,London,10,na,25,na,52,51.5277066194645,-0.129053205282516,15
1238,United Kingdom,London,5,na,25,na,50,51.490532,0.074003,15
1239,United Kingdom,London,7,na,24,na,50,51.472504,-0.012381,15
1240,United Kingdom,City of Westminster,46,2.8,25,27.5,52,51.52253,-0.154611,15
1241,United Kingdom,London,33,2.3,25,5.7,52,51.52229,-0.125889,15
1242,United Kingdom,Clydebank,20,na,23,na,22,55.91796,-4.406231,8
1243,United Kingdom,London,10,na,25,na,52,51.5277066194645,-0.129053205282516,15
1244,United Kingdom,London,25,na,25,na,52,51.4931557048667,-0.101527038274853,15
1245,United Kingdom,London,10,na,25,na,52,51.5277066194645,-0.129053205282516,15
1246,United Kingdom,London,10,na,25,na,52,51.5277066194645,-0.129053205282516,15
1247,United Kingdom,London,33,2.3,25,5.7,52,51.52229,-0.125889,15
1248,United Kingdom,City of Westminster,46,2.8,25,27.5,52,51.52253,-0.154611,15
1249,United Kingdom,London,33,2.3,25,5.7,52,51.52229,-0.125889,15
1250,United Kingdom,City of Westminster,34,2.3,25,23.8,52,51.5073509,-0.1277583,15
1251,United Kingdom,London,10,na,25,na,52,51.5277066194645,-0.129053205282516,15
1252,United Kingdom,City of London,23,na,25,na,52,51.520225273171,-0.0961060474176381,15
1253,United Kingdom,City of London,23,na,25,na,52,51.520225273171,-0.0961060474176381,15
1254,United Kingdom,London,34,na,24,na,50,51.4795312838203,-0.0252606031340197,15
1255,United Kingdom,London,18,na,25,na,52,51.5013906712066,-0.0782034373606952,15
1256,United Kingdom,London,9,na,25,na,52,51.557895,-0.106989,15
1257,United Kingdom,City of Westminster,46,2.8,25,27.5,52,51.52253,-0.154611,15
1258,United Kingdom,Stoke-on-Trent,25,na,20,na,46,53.02821,-2.175133,13
1259,United Kingdom,London,33,2.3,25,5.7,52,51.52229,-0.125889,15
1260,United Kingdom,London,25,na,25,na,52,51.4931557048667,-0.101527038274853,15
1261,United Kingdom,London,5,na,25,na,50,51.490532,0.074003,15
1262,United Kingdom,London,38,7.3,24,8.7,50,51.562376,-0.004898,15
1263,United Kingdom,London,25,na,25,na,52,51.4931557048667,-0.101527038274853,15
1264,United Kingdom,London,18,na,24,na,32,51.463429,-0.215871,9
1265,United Kingdom,City of Westminster,34,2.3,25,23.8,52,51.5073509,-0.1277583,15
1266,United Kingdom,City of London,10,na,25,na,52,51.513847178423,-0.077765681752,15
1267,United Kingdom,City of London,34,na,25,na,52,51.5145253362314,-0.104515626337876,15
1268,United Kingdom,London,32,2.7,24,1,32,51.52105,-0.213492,9
1269,United Kingdom,London,33,2.3,25,5.7,52,51.52229,-0.125889,15
1270,United Kingdom,London,25,na,25,na,52,51.4931557048667,-0.101527038274853,15
1271,United Kingdom,London,32,2.7,24,1,32,51.52105,-0.213492,9
1272,United Kingdom,London,38,7.3,24,8.7,50,51.562376,-0.004898,15
1273,United Kingdom,London,15,na,25,na,33,51.57661,0.030858,10
1274,United Kingdom,London,32,2.7,24,1,32,51.52105,-0.213492,9
1275,United Kingdom,London,34,na,25,na,52,51.533238,-0.129594,15
1276,United Kingdom,London,33,2.3,25,5.7,52,51.52229,-0.125889,15
1277,United Kingdom,London,7,na,24,na,50,51.472504,-0.012381,15
1278,United Kingdom,Coventry,21,na,23,na,46,52.411563,-1.560228,13
1279,United Kingdom,London,38,2.3,25,7.1,52,51.49467,-0.131931,15
1280,United Kingdom,London,9,na,26,na,29,51.377923,-0.240414,8
1281,United Kingdom,London,10,na,25,na,52,51.5277066194645,-0.129053205282516,15
1282,United Kingdom,London,25,na,25,na,52,51.4931557048667,-0.101527038274853,15
1283,United Kingdom,London,25,2.3,25,9.8,52,51.54421,-0.175269,15
1284,United Kingdom,London,22,2.7,24,6.4,32,51.489398,-0.310081,9
1285,United Kingdom,London,33,2.3,25,5.7,52,51.52229,-0.125889,15
1286,United Kingdom,City of London,34,na,25,na,52,51.5145253362314,-0.104515626337876,15
1287,United Kingdom,City of Westminster,17,na,25,na,52,51.4922482333024,-0.147114752900186,15
1288,United Kingdom,City of Westminster,46,2.8,25,27.5,52,51.52253,-0.154611,15
1289,United Kingdom,City of Westminster,17,na,25,na,52,51.4922482333024,-0.147114752900186,15
1290,United Kingdom,London,32,2.7,24,1,32,51.52105,-0.213492,9
1291,United Kingdom,London,32,2.7,24,1,32,51.52105,-0.213492,9
1292,United Kingdom,London,38,7.3,24,12.5,34,51.5993,-0.068218,10
1293,United Kingdom,City of Westminster,34,2.3,25,23.8,52,51.5073509,-0.1277583,15
1294,United Kingdom,City of Westminster,34,2.3,25,23.8,52,51.5073509,-0.1277583,15
1295,United Kingdom,City of Westminster,46,2.8,25,27.5,52,51.52253,-0.154611,15
1296,United Kingdom,City of Westminster,34,2.3,25,23.8,52,51.5073509,-0.1277583,15
1297,United Kingdom,City of London,34,na,25,na,52,51.5145253362314,-0.104515626337876,15
1298,United Kingdom,London,38,2.3,25,7.1,52,51.49467,-0.131931,15
1299,United Kingdom,London,25,na,25,na,52,51.4931557048667,-0.101527038274853,15
1300,United Kingdom,London,13,na,27,na,29,51.410039,-0.127523,8
1301,United Kingdom,City of Westminster,17,na,25,na,52,51.4922482333024,-0.147114752900186,15
1302,United Kingdom,City of Westminster,17,na,25,na,52,51.4922482333024,-0.147114752900186,15
1303,United Kingdom,London,33,2.3,25,5.7,52,51.52229,-0.125889,15
1304,United Kingdom,London,10,na,27,na,29,51.3586596124998,-0.149723946604927,8
1305,United Kingdom,London,33,2.3,25,5.7,52,51.52229,-0.125889,15
1306,United Kingdom,London,8,na,24,na,50,51.5150461674013,-0.0084184926564274,15
1307,United Kingdom,City of Westminster,46,2.8,25,27.5,52,51.52253,-0.154611,15
1308,United Kingdom,City of London,10,na,25,na,52,51.513847178423,-0.077765681752,15
1309,United Kingdom,Howgate,28,na,36,na,28,55.79216,-3.2429,9
1310,United Kingdom,London,38,7.3,24,8.7,50,51.562376,-0.004898,15
1311,United Kingdom,London,11,na,26,na,29,51.412308,-0.29658478,8
1312,United Kingdom,City of London,34,na,25,na,52,51.5145253362314,-0.104515626337876,15
1313,United Kingdom,City of Westminster,46,2.8,25,27.5,52,51.52253,-0.154611,15
1314,United Kingdom,City of Westminster,46,2.8,25,27.5,52,51.52253,-0.154611,15
1315,United Kingdom,City of London,23,na,25,na,52,51.520225273171,-0.0961060474176381,15
1316,United Kingdom,London,38,2.3,25,7.1,52,51.49467,-0.131931,15
1317,United Kingdom,City of Westminster,46,2.8,25,27.5,52,51.52253,-0.154611,15
1318,Argentina,Dock Sud,53,na,2,na,53,-34.657988,-58.342538,19
1319,Argentina,Dock Sud,53,na,2,na,53,-34.657988,-58.342538,19
1320,Argentina,Dock Sud,53,na,2,na,53,-34.657988,-58.342538,19
1321,Argentina,Dock Sud,53,na,2,na,53,-34.657988,-58.342538,19
1322,Uzbekistan,Tashkent,82,na,19,na,119,41.328069,69.294476,72
1323,Uzbekistan,Tashkent,82,na,19,na,119,41.328069,69.294476,72
1324,Uzbekistan,Tashkent,82,na,19,na,119,41.328069,69.294476,72
1325,Uzbekistan,Tashkent,82,na,19,na,119,41.328069,69.294476,72
1326,Uzbekistan,Tashkent,82,na,19,na,119,41.328069,69.294476,72
1327,Uzbekistan,Tashkent,82,na,19,na,119,41.328069,69.294476,72
1328,Uzbekistan,Tashkent,98,na,19,na,119,41.328069,69.294476,72
1329,Uzbekistan,Tashkent,98,na,19,na,119,41.328069,69.294476,72
1330,Uzbekistan,Tashkent,98,na,19,na,119,41.328069,69.294476,72
1331,Uzbekistan,Tashkent,98,na,19,na,119,41.328069,69.294476,72
1332,Uzbekistan,Tashkent,98,na,19,na,119,41.328069,69.294476,72
1333,Uzbekistan,Tashkent,137,na,19,na,119,41.3672,69.2725,72
1334,Uzbekistan,Tashkent,98,na,19,na,119,41.328069,69.294476,72
1335,Uzbekistan,Tashkent,98,na,19,na,119,41.328069,69.294476,72
1336,Saudi Arabia,Jeddah,53,na,18,na,74,21.543486,39.17299,54
1337,South Africa,Lephalale Local Municipality,30,0.5,6,3.1,51,-23.682068,27.722012,18
1338,South Africa,Mogalakwena Local Municipality,27,2.2,9,2.5,89,-24.155951,28.984199,36
1339,South Africa,Mogalakwena Local Municipality,27,2.2,9,2.5,89,-24.155951,28.984199,36
1340,South Africa,Mogalakwena Local Municipality,27,2.2,9,2.5,89,-24.155951,28.984199,36
1341,South Africa,Mogalakwena Local Municipality,27,2.2,9,2.5,89,-24.155951,28.984199,36
