CO,NO2,Ozone,PM10,PM25,Datetime,Lat,Lon
180.24,0.03,34.69,1.19,0.5,"30/08/2023,20:47:37",-0.0208,138.354
223.64,0.0,24.68,23.04,12.09,"30/08/2023,20:47:38",-0.0617,-121.5198
180.24,0.01,5.72,1.05,0.5,"30/08/2023,20:46:59",-0.1872,169.4352
233.65,0.01,38.62,15.49,6.22,"30/08/2023,20:47:50",-0.2793,-85.5881
188.59,0.02,56.51,12.52,2.68,"30/08/2023,20:48:19",-0.42,-26.4497
500.68,0.03,40.05,13.88,3.17,"30/08/2023,20:47:13",-0.5434,-45.9622
190.26,0.02,54.36,13.61,2.96,"30/08/2023,20:48:35",-0.6065,-26.6152
337.12,0.04,42.2,16.59,4.4,"30/08/2023,20:48:20",-0.659,-41.1426
188.59,0.0,37.91,0.75,0.5,"30/08/2023,20:47:51",-1.5178,156.4201
337.12,0.03,12.34,1.53,1.5,"30/08/2023,20:48:30",-10.0804,-52.2493
213.62,0.22,62.23,14.65,3.55,"30/08/2023,20:47:18",-10.3294,138.2572
151.87,0.0,37.55,9.34,2.0,"30/08/2023,20:47:44",-10.3942,174.2481
208.62,0.06,55.79,10.34,3.12,"30/08/2023,20:48:14",-11.4518,136.0746
188.59,0.06,61.51,8.5,2.24,"30/08/2023,20:47:45",-11.9867,155.6927
161.89,0.6,97.28,31.71,16.61,"30/08/2023,20:47:03",-12.2501,-76.2999
168.56,0.01,13.23,1.48,0.5,"30/08/2023,20:47:46",-12.3829,170.0531
317.1,2.49,75.82,15.22,12.43,"30/08/2023,20:47:51",-12.543,15.8386
250.34,0.12,52.93,15.97,9.05,"30/08/2023,20:47:15",-13.0504,117.9892
250.34,0.2,45.78,11.21,7.5,"30/08/2023,20:47:58",-13.4286,119.6331
310.42,0.96,68.67,13.77,12.62,"30/08/2023,20:48:41",-13.4519,17.3511
193.6,0.01,43.99,9.73,2.3,"30/08/2023,20:47:08",-13.6063,-31.2135
257.02,0.06,43.63,11.4,8.17,"30/08/2023,20:47:11",-14.0492,121.9212
188.59,0.03,28.25,3.96,2.93,"30/08/2023,20:47:39",-14.0667,-151.1955
198.6,0.01,54.36,28.78,5.62,"30/08/2023,20:48:40",-14.2203,-84.4726
201.94,0.05,71.53,6.22,1.3,"30/08/2023,20:47:40",-14.9722,86.7322
198.6,0.05,45.78,8.43,5.14,"30/08/2023,20:47:19",-15.3197,63.583
236.99,0.16,62.23,30.79,13.46,"30/08/2023,20:48:23",-16.6274,107.1709
427.25,0.11,23.96,1.51,1.49,"30/08/2023,20:47:20",-16.6827,-52.0286
200.27,0.07,66.52,2.75,0.73,"30/08/2023,20:47:27",-16.8481,91.858
547.41,0.14,25.39,17.22,17.07,"30/08/2023,20:48:13",-17.4682,-59.23
188.59,0.03,51.5,1.73,1.42,"30/08/2023,20:47:42",-18.0196,166.4127
236.99,0.24,55.79,30.37,10.76,"30/08/2023,20:47:25",-18.2359,115.7995
280.38,0.18,50.78,119.64,46.03,"30/08/2023,20:46:58",-18.237,11.0951
203.61,0.74,37.55,2.44,0.91,"30/08/2023,20:47:43",-18.4062,32.3292
195.27,0.08,65.8,5.7,1.85,"30/08/2023,20:48:40",-18.957,154.881
188.59,0.14,57.22,3.43,1.68,"30/08/2023,20:48:07",-19.2059,153.3164
196.93,0.07,66.52,11.0,2.32,"30/08/2023,20:47:47",-19.6032,-169.0332
191.93,0.02,71.53,9.47,1.84,"30/08/2023,20:48:29",-19.7043,-109.4589
208.62,0.02,43.63,8.61,3.36,"30/08/2023,20:48:37",-19.9596,75.2959
198.6,0.06,52.93,13.57,3.01,"30/08/2023,20:47:09",-2.4875,-32.7149
191.93,0.02,38.27,37.19,8.93,"30/08/2023,20:48:27",-20.0949,124.5263
233.65,0.02,36.48,2.62,1.34,"30/08/2023,20:47:46",-20.6495,-37.4393
201.94,0.01,72.96,13.49,4.98,"30/08/2023,20:48:05",-21.1,-101.0876
433.92,0.17,36.48,8.52,8.32,"30/08/2023,20:47:24",-21.3846,-58.854
200.27,0.04,55.08,1.69,0.5,"30/08/2023,20:47:12",-21.7084,98.3964
198.6,0.25,40.05,1.47,0.74,"30/08/2023,20:47:05",-22.5227,26.2551
191.93,0.2,37.19,2.05,1.03,"30/08/2023,20:48:31",-23.4523,149.2673
208.62,0.02,55.79,5.1,2.7,"30/08/2023,20:47:30",-23.9434,82.9269
226.97,0.38,67.95,35.68,9.18,"30/08/2023,20:47:45",-24.1998,10.2305
198.6,0.04,62.23,8.82,2.06,"30/08/2023,20:47:50",-24.7875,51.341
191.93,0.05,57.22,13.98,2.6,"30/08/2023,20:47:46",-25.7419,126.7068
210.29,0.05,59.37,7.87,1.73,"30/08/2023,20:47:38",-26.1541,179.5352
370.5,0.14,88.69,169.5,43.75,"30/08/2023,20:47:03",-26.7584,16.9671
211.95,0.03,53.64,6.35,2.32,"30/08/2023,20:47:28",-27.2409,90.926
208.62,0.03,60.08,13.36,3.11,"30/08/2023,20:47:23",-27.5944,-142.0834
186.92,0.47,83.69,23.71,15.53,"30/08/2023,20:48:36",-28.6959,-70.206
216.96,0.07,72.24,5.48,1.15,"30/08/2023,20:48:04",-28.7999,167.5161
208.62,0.02,82.25,5.25,1.22,"30/08/2023,20:48:02",-29.0053,-97.4719
195.27,0.05,53.64,10.01,2.31,"30/08/2023,20:48:37",-29.3862,40.0316
190.26,0.06,55.08,11.29,2.19,"30/08/2023,20:48:09",-29.8119,33.2164
273.71,1.99,56.51,19.75,14.33,"30/08/2023,20:48:36",-29.9162,25.1115
173.57,0.06,23.25,4.85,1.95,"30/08/2023,20:47:04",-3.5435,126.753
210.29,0.04,63.66,3.03,0.99,"30/08/2023,20:48:19",-30.1845,80.6536
211.95,0.03,70.81,4.18,0.92,"30/08/2023,20:47:54",-31.2124,86.1954
213.62,0.04,60.08,7.02,1.78,"30/08/2023,20:47:24",-31.58,4.2015
340.46,0.7,89.41,21.37,19.43,"30/08/2023,20:47:21",-31.919,-65.6024
201.94,0.02,60.8,9.85,3.48,"30/08/2023,20:48:34",-32.2738,-124.9249
211.95,0.04,60.8,5.47,1.27,"30/08/2023,20:47:29",-32.5836,-30.8865
220.3,0.03,62.94,2.9,0.65,"30/08/2023,20:47:53",-33.3366,-17.7447
206.95,0.02,60.8,10.0,4.12,"30/08/2023,20:47:59",-33.3912,-132.5206
213.62,0.14,60.8,1.46,0.71,"30/08/2023,20:47:12",-33.7092,170.7638
257.02,0.24,77.25,19.87,11.12,"30/08/2023,20:48:12",-33.7255,-66.7269
213.62,0.03,62.94,2.54,0.58,"30/08/2023,20:48:14",-33.9742,-25.225
213.62,0.03,61.51,4.51,1.33,"30/08/2023,20:47:51",-34.206,55.0038
213.62,0.02,70.1,10.05,2.36,"30/08/2023,20:48:07",-34.2131,-166.0488
213.62,0.04,63.66,6.46,1.55,"30/08/2023,20:48:32",-34.8659,87.1311
188.59,0.03,53.64,4.78,1.45,"30/08/2023,20:48:36",-35.0632,40.4746
226.97,0.81,31.47,2.07,1.39,"30/08/2023,20:48:23",-35.1245,144.4938
216.96,0.03,69.38,5.38,1.1,"30/08/2023,20:48:29",-35.9353,61.2548
213.62,0.15,60.08,0.89,0.5,"30/08/2023,20:48:27",-36.5561,-63.8184
220.3,0.03,73.67,2.79,0.67,"30/08/2023,20:47:10",-36.8293,122.4499
211.95,0.01,60.8,8.57,4.91,"30/08/2023,20:47:07",-37.0196,-125.7322
211.95,0.02,65.09,1.56,0.5,"30/08/2023,20:47:56",-37.1418,99.6547
220.3,0.02,64.37,2.37,0.61,"30/08/2023,20:47:26",-37.959,-6.2449
216.96,0.0,65.8,14.2,4.18,"30/08/2023,20:47:15",-38.4906,-162.0486
216.96,0.01,54.36,1.34,0.5,"30/08/2023,20:47:04",-38.7822,-150.0114
220.3,0.01,62.23,7.57,2.15,"30/08/2023,20:47:41",-38.803,-76.211
216.96,0.01,72.24,13.97,2.67,"30/08/2023,20:48:24",-38.9003,-163.6345
216.96,0.01,57.94,8.02,2.43,"30/08/2023,20:48:16",-39.2298,-75.1068
208.62,0.04,77.25,0.88,0.5,"30/08/2023,20:47:09",-39.4936,13.5975
160.22,0.02,35.41,12.19,2.84,"30/08/2023,20:47:39",-4.5243,-154.187
158.55,1.52,6.88,2.13,2.08,"30/08/2023,20:47:16",-4.9591,139.2213
216.96,0.05,55.08,2.5,0.7,"30/08/2023,20:48:28",-40.2,164.715
216.96,0.02,67.23,9.3,2.18,"30/08/2023,20:47:33",-40.5158,-86.8551
213.62,0.03,60.08,5.31,2.19,"30/08/2023,20:48:45",-40.5949,-42.0653
210.29,0.02,63.66,2.3,0.64,"30/08/2023,20:47:56",-40.9129,-140.0767
223.64,0.01,55.08,5.05,1.84,"30/08/2023,20:48:13",-41.6491,-73.9339
216.96,0.02,67.23,3.16,1.57,"30/08/2023,20:48:03",-42.1422,-90.1472
213.62,0.02,63.66,2.57,1.05,"30/08/2023,20:48:18",-42.9509,-178.2479
220.3,0.03,72.96,1.01,0.5,"30/08/2023,20:48:38",-43.0758,21.8477
220.3,0.02,61.51,5.8,1.89,"30/08/2023,20:47:16",-43.178,105.0669
206.95,0.02,53.64,9.95,5.76,"30/08/2023,20:48:02",-43.3232,44.2959
211.95,0.03,72.24,2.4,0.67,"30/08/2023,20:48:29",-43.801,167.6538
213.62,0.01,56.51,6.31,1.53,"30/08/2023,20:48:45",-44.9977,94.1172
210.29,0.01,67.23,7.4,3.88,"30/08/2023,20:48:06",-45.4635,-100.126
216.96,0.02,57.22,10.8,3.33,"30/08/2023,20:47:20",-45.6912,107.0001
211.95,0.01,58.65,5.08,2.08,"30/08/2023,20:48:27",-46.3767,-142.4507
213.62,0.02,66.52,6.21,1.73,"30/08/2023,20:48:00",-46.6357,153.3297
220.3,0.01,67.95,5.65,1.4,"30/08/2023,20:47:27",-47.2543,-88.2555
216.96,0.02,70.1,3.77,1.09,"30/08/2023,20:47:13",-47.7018,-171.6839
220.3,0.07,49.35,1.5,0.5,"30/08/2023,20:47:31",-48.3317,-65.4006
211.95,0.01,55.08,3.02,2.3,"30/08/2023,20:47:32",-48.4645,148.5961
210.29,0.02,65.09,2.16,0.79,"30/08/2023,20:47:17",-48.4663,-154.2221
213.62,0.01,60.8,4.25,2.07,"30/08/2023,20:47:43",-48.9784,65.6729
220.3,0.01,65.8,2.2,0.58,"30/08/2023,20:47:59",-49.2942,-94.5529
216.96,0.02,59.37,2.53,1.29,"30/08/2023,20:47:22",-49.3287,-169.0958
216.96,0.06,55.08,8.71,3.36,"30/08/2023,20:47:54",-49.8634,-46.0834
186.92,0.03,47.21,9.63,3.97,"30/08/2023,20:48:27",-5.0324,85.0668
183.58,0.01,44.35,23.61,9.17,"30/08/2023,20:47:30",-5.1503,-119.0263
181.91,0.01,19.31,7.75,3.73,"30/08/2023,20:47:57",-5.1976,-163.1061
216.96,0.03,37.55,17.11,3.95,"30/08/2023,20:47:48",-5.4086,92.0028
190.26,0.03,47.21,4.23,2.37,"30/08/2023,20:48:32",-5.5664,70.6167
303.75,0.01,4.25,0.51,0.5,"30/08/2023,20:47:37",-5.5907,-77.7771
163.56,0.02,44.7,9.43,2.9,"30/08/2023,20:48:39",-5.7849,-144.5268
230.31,0.01,53.64,4.94,1.09,"30/08/2023,20:47:44",-50.3921,-29.6596
220.3,0.05,57.94,8.72,3.73,"30/08/2023,20:48:38",-50.9122,-49.4344
216.96,0.01,61.51,17.92,4.3,"30/08/2023,20:48:17",-50.912,56.0474
208.62,0.01,56.51,3.56,1.26,"30/08/2023,20:47:08",-51.2395,156.2262
226.97,0.01,55.08,1.03,0.5,"30/08/2023,20:48:30",-51.4552,3.5254
220.3,0.0,54.36,3.4,2.4,"30/08/2023,20:48:07",-52.0543,-11.6303
216.96,0.01,55.08,6.38,1.72,"30/08/2023,20:48:40",-52.0786,128.0703
220.3,0.0,70.1,5.22,1.15,"30/08/2023,20:46:59",-52.844,-131.9683
216.96,0.0,65.8,7.75,1.34,"30/08/2023,20:47:00",-53.0165,-137.9383
226.97,0.01,55.08,6.1,1.67,"30/08/2023,20:48:25",-53.177,30.9092
226.97,0.01,48.64,1.1,0.52,"30/08/2023,20:47:23",-54.7133,17.7201
220.3,0.0,59.37,2.35,0.5,"30/08/2023,20:48:38",-54.8184,73.8318
216.96,0.01,52.93,2.98,0.57,"30/08/2023,20:47:39",-54.8448,130.4764
223.64,0.0,59.37,4.15,0.95,"30/08/2023,20:47:42",-55.0668,-138.9562
220.3,0.0,60.08,1.34,0.5,"30/08/2023,20:48:35",-55.0981,71.5653
230.31,0.01,47.92,3.41,1.14,"30/08/2023,20:47:14",-55.2707,24.6503
226.97,0.0,62.94,3.87,0.69,"30/08/2023,20:47:55",-55.2935,-109.501
220.3,0.0,60.08,1.94,0.5,"30/08/2023,20:48:02",-55.3184,73.272
230.31,0.0,56.51,1.4,0.5,"30/08/2023,20:47:45",-56.0202,85.5379
230.31,0.01,52.21,1.01,0.5,"30/08/2023,20:48:39",-57.2683,-39.8225
216.96,0.01,50.07,2.56,0.64,"30/08/2023,20:47:15",-57.5185,141.5293
223.64,0.01,60.08,0.86,0.5,"30/08/2023,20:48:03",-57.8916,-149.3788
230.31,0.0,55.08,1.5,0.5,"30/08/2023,20:47:25",-58.7145,92.3269
223.64,0.01,60.08,0.68,0.5,"30/08/2023,20:47:26",-58.7474,45.7693
220.3,0.01,50.07,0.88,0.5,"30/08/2023,20:47:32",-59.0605,140.4211
226.97,0.0,58.65,1.05,0.5,"30/08/2023,20:48:05",-59.2398,36.4573
236.99,0.0,59.37,2.01,0.55,"30/08/2023,20:47:25",-59.8273,-39.8617
168.56,0.01,9.39,0.98,0.56,"30/08/2023,20:48:44",-6.2529,166.0497
158.55,0.01,11.62,1.17,0.7,"30/08/2023,20:47:48",-6.586,169.1973
233.65,0.0,56.51,1.02,0.5,"30/08/2023,20:48:17",-61.3315,39.8089
240.33,0.0,60.08,1.35,0.5,"30/08/2023,20:48:31",-61.851,-45.8109
220.3,0.01,58.65,1.71,0.5,"30/08/2023,20:48:15",-62.0059,149.8415
243.66,0.0,53.64,1.05,0.7,"30/08/2023,20:47:33",-62.7019,20.4048
240.33,0.0,55.08,1.09,0.58,"30/08/2023,20:48:20",-62.7982,88.5283
223.64,0.0,56.51,2.99,1.04,"30/08/2023,20:47:06",-63.3025,-128.5089
243.66,0.0,55.08,0.62,0.5,"30/08/2023,20:48:01",-63.7555,86.3364
226.97,0.01,43.27,2.54,2.3,"30/08/2023,20:48:33",-63.768,-140.1698
236.99,0.0,58.65,0.8,0.5,"30/08/2023,20:48:05",-63.901,-39.6919
230.31,0.0,54.36,1.83,0.59,"30/08/2023,20:48:00",-64.0144,141.0108
230.31,0.0,57.22,1.48,0.5,"30/08/2023,20:47:49",-64.2368,153.6453
240.33,0.0,59.37,1.92,0.71,"30/08/2023,20:48:23",-64.7409,-47.9254
236.99,0.0,59.37,1.0,0.5,"30/08/2023,20:48:45",-65.5852,62.8051
247.0,0.0,60.8,1.9,0.76,"30/08/2023,20:47:49",-66.5073,-57.5116
243.66,0.0,57.22,0.51,0.5,"30/08/2023,20:47:04",-66.614,57.1715
247.0,0.0,40.05,0.64,0.63,"30/08/2023,20:47:18",-66.7736,-6.628
223.64,0.0,56.51,0.5,0.5,"30/08/2023,20:48:32",-67.2314,123.3494
206.95,0.0,57.22,0.5,0.5,"30/08/2023,20:47:01",-67.3903,91.4544
240.33,0.0,56.51,0.5,0.5,"30/08/2023,20:47:25",-67.6566,144.6227
200.27,0.0,57.22,0.5,0.5,"30/08/2023,20:47:03",-67.7054,96.79
196.93,0.0,50.78,0.5,0.5,"30/08/2023,20:47:34",-67.8263,137.8986
200.27,0.0,55.79,0.5,0.5,"30/08/2023,20:46:59",-68.1064,90.596
253.68,0.0,50.78,0.54,0.5,"30/08/2023,20:48:07",-69.4368,-85.7858
243.66,0.0,48.64,0.57,0.5,"30/08/2023,20:47:28",-69.7187,0.3807
165.22,0.02,12.88,4.59,2.35,"30/08/2023,20:47:09",-7.5552,179.4287
211.95,0.0,45.78,0.5,0.5,"30/08/2023,20:47:31",-70.0992,152.8244
243.66,0.0,40.77,0.51,0.5,"30/08/2023,20:47:24",-70.2592,-61.5232
250.34,0.0,60.8,0.5,0.5,"30/08/2023,20:47:17",-70.4084,20.6361
247.0,0.0,52.21,0.96,0.86,"30/08/2023,20:48:24",-70.434,-19.1625
243.66,0.0,50.07,0.75,0.67,"30/08/2023,20:47:53",-70.5564,-18.0403
257.02,0.0,48.64,0.51,0.5,"30/08/2023,20:48:10",-70.6406,-86.7316
186.92,0.0,47.92,0.5,0.5,"30/08/2023,20:47:30",-70.6733,135.154
186.92,0.0,54.36,0.5,0.5,"30/08/2023,20:48:03",-70.8764,81.2607
247.0,0.0,41.49,0.5,0.5,"30/08/2023,20:47:17",-71.0749,-0.17
220.3,0.0,55.79,0.5,0.5,"30/08/2023,20:48:15",-71.7418,20.2905
240.33,0.0,51.5,0.71,0.56,"30/08/2023,20:47:52",-71.7459,-142.2873
223.64,0.01,53.64,2.72,1.49,"30/08/2023,20:48:08",-72.127,-160.4864
250.34,0.0,52.21,0.67,0.56,"30/08/2023,20:48:44",-72.7033,-26.4928
230.31,0.0,62.23,0.5,0.5,"30/08/2023,20:47:52",-73.5574,-85.4702
267.03,0.0,52.93,0.54,0.5,"30/08/2023,20:47:38",-74.2027,-47.1981
213.62,0.0,57.22,0.5,0.5,"30/08/2023,20:48:41",-74.3449,-93.2928
260.35,0.0,45.06,0.53,0.5,"30/08/2023,20:47:47",-74.5868,-19.8274
226.97,0.0,60.08,0.51,0.5,"30/08/2023,20:48:03",-75.4498,-139.0399
211.95,0.0,52.21,0.5,0.5,"30/08/2023,20:47:27",-76.4161,-93.4296
181.91,0.0,39.7,0.5,0.5,"30/08/2023,20:47:20",-76.5759,107.9782
205.28,0.0,41.49,0.5,0.5,"30/08/2023,20:48:21",-77.6101,-95.7705
193.6,0.0,42.2,0.5,0.5,"30/08/2023,20:48:05",-77.8676,142.5514
211.95,0.0,55.08,0.5,0.5,"30/08/2023,20:47:44",-77.8929,-30.2523
253.68,0.0,50.07,0.5,0.5,"30/08/2023,20:47:58",-78.2676,-68.0362
195.27,0.0,43.99,0.5,0.5,"30/08/2023,20:47:13",-78.6873,142.6112
195.27,0.0,55.08,0.5,0.5,"30/08/2023,20:48:40",-78.6898,-90.0557
173.57,0.0,41.49,0.5,0.5,"30/08/2023,20:47:00",-79.0874,83.3169
178.58,0.0,44.35,0.5,0.5,"30/08/2023,20:47:39",-79.425,11.6534
201.94,0.14,52.21,16.09,3.66,"30/08/2023,20:48:10",-8.1646,128.4753
203.61,0.02,72.24,22.23,5.61,"30/08/2023,20:47:35",-8.3016,-7.227
170.23,0.0,41.84,0.51,0.5,"30/08/2023,20:47:10",-80.1433,44.4354
198.6,0.0,40.77,0.5,0.5,"30/08/2023,20:47:33",-80.1776,148.3576
247.0,0.0,47.92,0.63,0.54,"30/08/2023,20:47:58",-80.3771,-178.3135
181.91,0.0,41.49,0.5,0.5,"30/08/2023,20:48:21",-80.3909,113.1016
243.66,0.0,61.51,0.5,0.5,"30/08/2023,20:47:59",-80.558,-76.1765
213.62,0.0,46.49,0.5,0.5,"30/08/2023,20:48:12",-81.1917,-16.8561
170.23,0.0,41.49,0.51,0.5,"30/08/2023,20:47:37",-81.4978,86.4874
250.34,0.0,52.93,0.59,0.5,"30/08/2023,20:47:50",-81.7448,-179.7313
196.93,0.0,58.65,0.5,0.5,"30/08/2023,20:47:44",-81.9813,154.5651
216.96,0.0,48.64,0.5,0.5,"30/08/2023,20:48:12",-82.8573,-37.0771
216.96,0.0,48.64,0.5,0.5,"30/08/2023,20:48:22",-83.0619,-33.2987
176.91,0.0,39.34,0.53,0.5,"30/08/2023,20:47:03",-83.2034,85.2512
236.99,0.0,54.36,0.5,0.5,"30/08/2023,20:47:35",-83.3573,-144.2028
173.57,0.0,45.06,0.51,0.5,"30/08/2023,20:47:29",-83.8339,61.5151
178.58,0.0,45.06,0.5,0.5,"30/08/2023,20:48:06",-83.8551,41.8115
247.0,0.0,66.52,0.52,0.5,"30/08/2023,20:47:50",-84.5451,-172.5606
175.24,0.0,44.7,0.51,0.5,"30/08/2023,20:47:26",-84.7366,62.1227
195.27,0.0,47.92,0.5,0.5,"30/08/2023,20:47:33",-85.1603,22.6974
210.29,0.0,60.08,0.5,0.5,"30/08/2023,20:48:11",-85.8279,-150.666
195.27,0.0,55.79,0.51,0.5,"30/08/2023,20:47:48",-86.0244,-98.7231
205.28,0.0,51.5,0.5,0.5,"30/08/2023,20:48:22",-86.506,-72.3762
183.58,0.0,36.84,0.5,0.5,"30/08/2023,20:48:15",-86.5203,110.6591
180.24,0.0,46.49,0.5,0.5,"30/08/2023,20:47:13",-86.6524,171.8228
186.92,0.0,42.92,0.5,0.5,"30/08/2023,20:47:12",-87.296,47.3606
188.59,0.0,41.49,0.51,0.5,"30/08/2023,20:48:20",-87.6787,63.5778
183.58,0.0,39.34,0.5,0.5,"30/08/2023,20:48:43",-88.0692,119.9466
186.92,0.0,41.49,0.51,0.5,"30/08/2023,20:48:11",-88.5628,68.6458
186.92,0.0,43.27,0.5,0.5,"30/08/2023,20:48:39",-89.1334,67.4841
190.26,0.0,43.63,0.5,0.5,"30/08/2023,20:47:53",-89.4623,94.4171
191.93,0.0,41.84,0.5,0.5,"30/08/2023,20:47:22",-89.6914,-144.1173
250.34,0.01,1.39,1.03,0.98,"30/08/2023,20:47:34",0.4872,15.6132
206.95,1.5,28.61,6.57,3.72,"30/08/2023,20:48:28",0.5825,121.204
211.95,0.02,33.98,15.37,3.92,"30/08/2023,20:48:09",0.7945,-98.5602
181.91,0.02,22.53,3.16,2.22,"30/08/2023,20:48:17",0.8514,-162.4499
216.96,0.23,50.78,2.53,1.84,"30/08/2023,20:48:26",0.9679,38.6239
198.6,0.01,42.2,9.78,3.57,"30/08/2023,20:47:08",1.4913,-17.7325
181.91,0.03,42.92,14.33,4.3,"30/08/2023,20:47:58",1.5647,-23.7045
190.26,0.03,14.13,1.01,0.5,"30/08/2023,20:47:23",1.6632,161.5779
226.97,0.08,4.25,0.63,0.5,"30/08/2023,20:47:08",10.2589,24.5157
178.58,0.19,28.25,8.32,5.15,"30/08/2023,20:47:52",10.6375,71.4528
198.6,0.02,17.52,5.26,1.34,"30/08/2023,20:47:24",12.0117,-119.3431
236.99,0.33,38.98,7.12,3.94,"30/08/2023,20:48:24",13.1192,119.2501
200.27,0.02,21.1,4.93,3.3,"30/08/2023,20:48:45",14.5184,167.5659
163.56,0.01,34.33,14.17,4.03,"30/08/2023,20:47:52",14.6512,176.5981
250.34,0.07,26.82,38.33,7.88,"30/08/2023,20:47:41",14.7113,30.0945
247.0,0.15,27.18,8.83,4.43,"30/08/2023,20:47:34",16.6283,-67.5173
243.66,0.72,50.07,2.96,1.77,"30/08/2023,20:47:05",17.0255,120.0084
263.69,0.01,20.74,19.97,5.57,"30/08/2023,20:48:01",17.1424,-46.1523
257.02,0.18,32.9,16.87,5.94,"30/08/2023,20:47:07",18.2712,-64.8777
290.39,4.88,39.7,27.92,22.1,"30/08/2023,20:48:28",19.418,77.215
273.71,0.18,33.98,7.32,3.0,"30/08/2023,20:48:34",19.4698,-17.3803
363.83,0.85,105.86,36.13,16.02,"30/08/2023,20:48:24",19.5182,124.048
363.83,0.31,60.08,14.31,5.65,"30/08/2023,20:47:42",19.7017,-79.1001
183.58,0.03,81.54,47.04,9.29,"30/08/2023,20:48:24",19.9481,-32.8389
250.34,0.02,29.68,5.57,3.46,"30/08/2023,20:47:55",2.0857,-87.6227
168.56,0.05,16.27,1.18,0.58,"30/08/2023,20:47:11",2.1203,70.3457
176.91,0.02,32.19,6.72,2.04,"30/08/2023,20:48:06",2.8489,-147.9597
175.24,0.07,40.41,11.96,3.53,"30/08/2023,20:47:47",20.1244,166.0799
821.11,11.65,10.82,56.25,48.6,"30/08/2023,20:47:48",20.2868,105.2806
216.96,2.29,17.52,14.74,9.84,"30/08/2023,20:47:40",20.3663,73.9003
270.37,0.22,101.57,39.47,38.02,"30/08/2023,20:48:35",21.3646,-96.9687
907.9,10.63,28.25,179.53,159.59,"30/08/2023,20:47:56",22.6282,87.3344
200.27,1.11,81.54,42.01,13.67,"30/08/2023,20:47:03",22.6959,-17.762
223.64,0.26,73.67,25.04,13.35,"30/08/2023,20:48:14",23.5801,-109.2072
210.29,0.29,124.45,29.41,14.57,"30/08/2023,20:48:00",24.3427,34.8169
263.69,0.16,38.98,4.23,2.11,"30/08/2023,20:47:31",24.5427,-61.9049
260.35,0.09,36.48,128.54,25.96,"30/08/2023,20:47:22",24.8488,-0.9103
213.62,0.89,175.95,126.77,38.04,"30/08/2023,20:47:57",25.0511,45.4637
161.89,0.12,79.39,20.03,4.98,"30/08/2023,20:47:16",25.6787,-140.9474
196.93,0.1,80.82,8.85,3.47,"30/08/2023,20:48:19",26.9054,-156.9498
198.6,5.57,88.69,85.71,19.77,"30/08/2023,20:47:06",27.641,46.2991
191.93,0.39,94.41,51.34,17.07,"30/08/2023,20:47:07",27.6935,-113.7758
257.02,5.27,55.79,50.93,18.87,"30/08/2023,20:47:49",28.0121,76.1208
196.93,0.03,47.92,2.9,0.76,"30/08/2023,20:48:04",28.7056,-33.9175
440.6,1.26,37.19,44.75,40.72,"30/08/2023,20:47:01",28.8267,81.9632
198.6,0.31,103.0,35.28,11.82,"30/08/2023,20:47:36",28.9524,33.5858
330.45,0.62,88.69,7.9,7.22,"30/08/2023,20:47:14",29.4773,-88.474
206.95,0.2,34.69,6.07,1.94,"30/08/2023,20:48:43",29.7932,-53.1197
240.33,3.98,120.16,70.5,31.84,"30/08/2023,20:48:39",29.8992,53.1922
148.54,7.8,15.56,3.03,2.98,"30/08/2023,20:47:47",29.9974,99.2292
178.58,0.08,0.32,0.51,0.5,"30/08/2023,20:47:42",3.0011,-68.0419
156.88,0.01,34.33,3.81,1.57,"30/08/2023,20:47:21",3.1504,-173.145
257.02,0.01,13.41,4.41,3.41,"30/08/2023,20:47:02",3.5427,-121.6641
223.64,0.27,101.57,5.91,4.76,"30/08/2023,20:47:57",30.0841,-94.924
193.6,0.2,43.63,3.73,1.92,"30/08/2023,20:47:56",30.152,167.3341
453.95,12.85,52.21,111.31,40.28,"30/08/2023,20:47:49",30.6168,71.5765
243.66,0.2,48.64,30.46,9.27,"30/08/2023,20:47:35",31.0657,-69.1899
181.91,1.84,31.83,1.96,1.37,"30/08/2023,20:48:16",31.1482,93.8626
170.23,0.13,62.23,8.84,2.46,"30/08/2023,20:47:25",31.3491,-159.956
128.51,1.54,12.7,1.67,1.53,"30/08/2023,20:47:38",31.8834,131.1482
196.93,0.2,104.43,7.32,2.08,"30/08/2023,20:47:34",32.2871,-145.9917
183.58,0.14,63.66,3.3,1.06,"30/08/2023,20:47:35",32.4419,-37.8737
180.24,0.21,47.21,4.12,1.91,"30/08/2023,20:47:04",33.2217,-174.0459
267.03,6.17,205.99,38.9,20.91,"30/08/2023,20:47:50",33.4044,-112.036
150.2,0.2,51.5,5.78,2.36,"30/08/2023,20:48:26",33.9169,-156.411
257.02,0.54,114.44,11.94,11.58,"30/08/2023,20:48:29",35.019,-97.1261
111.82,0.17,62.94,22.71,4.07,"30/08/2023,20:48:01",35.0698,85.0063
180.24,0.11,62.94,4.86,2.03,"30/08/2023,20:48:30",35.3602,-45.8231
205.28,0.23,70.81,6.79,1.99,"30/08/2023,20:47:54",35.6875,-17.556
205.28,0.38,92.98,13.72,6.45,"30/08/2023,20:48:16",35.7749,27.6359
148.54,0.19,62.23,2.04,1.12,"30/08/2023,20:47:40",35.8269,-143.1138
145.2,0.19,57.94,4.34,1.38,"30/08/2023,20:48:12",36.8477,-145.8185
250.34,0.14,37.91,16.16,5.04,"30/08/2023,20:47:32",37.3198,-60.5306
236.99,6.43,150.2,45.51,36.74,"30/08/2023,20:47:05",37.4391,103.2519
201.94,0.17,46.49,16.76,4.4,"30/08/2023,20:47:01",37.4657,-57.7041
226.97,0.18,34.69,28.14,5.69,"30/08/2023,20:48:18",37.6879,-64.232
297.07,0.73,80.11,10.45,8.43,"30/08/2023,20:47:06",37.7838,-74.2238
200.27,2.27,81.54,5.95,5.06,"30/08/2023,20:48:31",38.0326,42.8713
216.96,7.11,51.5,10.49,8.67,"30/08/2023,20:47:43",38.121,36.5596
196.93,0.16,64.37,3.77,1.98,"30/08/2023,20:48:33",38.1684,-41.0822
161.89,0.48,46.49,4.47,2.28,"30/08/2023,20:47:31",38.2496,70.3722
230.31,0.39,72.96,50.24,9.71,"30/08/2023,20:47:35",38.2941,55.596
206.95,3.13,67.95,4.18,3.13,"30/08/2023,20:47:40",38.6984,39.6546
236.99,0.22,60.8,7.39,1.67,"30/08/2023,20:48:41",39.2137,169.0195
216.96,0.59,84.4,9.73,3.15,"30/08/2023,20:47:38",39.2183,8.8286
195.27,0.34,79.39,1.29,0.94,"30/08/2023,20:48:32",39.2751,-0.9919
200.27,0.35,85.12,0.66,0.54,"30/08/2023,20:48:12",39.829,-6.3128
175.24,0.03,16.99,1.8,1.1,"30/08/2023,20:48:08",4.2385,71.5542
340.46,0.14,40.41,7.53,4.12,"30/08/2023,20:48:25",4.3794,0.2319
310.42,0.02,24.68,4.24,1.75,"30/08/2023,20:47:40",4.4138,-51.6437
247.0,0.04,23.6,0.91,0.6,"30/08/2023,20:47:30",4.4465,-79.4473
170.23,0.08,21.64,2.86,1.21,"30/08/2023,20:47:00",4.6907,79.1374
180.24,0.05,34.33,6.12,2.28,"30/08/2023,20:48:33",4.9148,85.2033
240.33,0.61,70.1,1.48,1.18,"30/08/2023,20:48:18",40.2298,-82.9257
634.19,29.82,2.66,70.61,65.95,"30/08/2023,20:47:17",40.3555,123.6318
213.62,0.64,33.62,21.42,7.93,"30/08/2023,20:48:14",41.0374,-64.7876
230.31,0.41,65.09,6.53,3.13,"30/08/2023,20:47:36",41.1361,153.4212
236.99,0.27,85.83,3.59,3.29,"30/08/2023,20:47:12",41.2252,40.7808
166.89,2.01,11.62,8.56,7.03,"30/08/2023,20:47:34",41.2483,125.5919
208.62,0.88,82.25,1.02,0.81,"30/08/2023,20:47:06",41.4463,0.9019
216.96,1.06,113.01,9.59,4.68,"30/08/2023,20:47:19",42.4224,7.9305
143.53,2.59,54.36,37.94,10.81,"30/08/2023,20:48:34",42.9762,85.0814
156.88,0.34,111.58,39.49,8.68,"30/08/2023,20:47:28",43.1091,-105.2442
190.26,0.37,80.82,19.69,4.83,"30/08/2023,20:48:01",43.1295,-161.8605
130.18,0.1,82.97,0.83,0.78,"30/08/2023,20:48:04",43.5279,-114.2243
206.95,0.68,98.71,3.54,2.5,"30/08/2023,20:46:58",43.7781,8.291
171.9,3.3,11.18,4.05,3.19,"30/08/2023,20:48:39",44.1522,119.6935
213.62,0.71,36.48,1.85,1.75,"30/08/2023,20:47:55",44.5678,-70.7912
236.99,0.34,50.78,33.44,6.43,"30/08/2023,20:48:26",44.8085,69.8294
226.97,0.33,100.14,7.09,1.93,"30/08/2023,20:47:21",45.1365,-1.8619
203.61,1.39,19.85,3.32,2.64,"30/08/2023,20:47:53",45.6719,23.6799
223.64,0.34,82.25,8.37,4.14,"30/08/2023,20:48:21",45.6968,170.4934
226.97,0.74,84.4,7.87,6.61,"30/08/2023,20:47:46",45.8374,29.5455
223.64,0.29,85.12,8.17,2.4,"30/08/2023,20:47:14",45.8968,168.3422
151.87,0.62,47.21,21.94,5.85,"30/08/2023,20:47:41",45.9475,101.0231
191.93,3.56,18.24,2.55,1.79,"30/08/2023,20:47:59",46.0881,12.8796
240.33,0.33,65.09,0.98,0.88,"30/08/2023,20:47:31",46.3566,50.0469
233.65,1.78,30.76,0.62,0.52,"30/08/2023,20:47:52",46.9826,-60.3973
223.64,0.31,84.4,10.24,3.6,"30/08/2023,20:48:31",47.0398,164.887
494.0,0.43,86.55,17.18,17.1,"30/08/2023,20:48:27",47.8634,-102.9084
243.66,1.0,47.92,0.91,0.86,"30/08/2023,20:48:11",48.5781,42.3769
203.61,0.31,44.7,1.58,1.57,"30/08/2023,20:47:32",48.6224,133.4068
171.9,0.59,48.64,0.5,0.5,"30/08/2023,20:48:28",48.6785,-113.2195
233.65,0.09,64.37,3.66,3.51,"30/08/2023,20:47:37",48.6878,-78.5508
236.99,0.54,50.78,1.74,1.66,"30/08/2023,20:48:15",48.892,41.258
236.99,0.12,66.52,5.0,4.82,"30/08/2023,20:48:20",48.9052,-78.1444
198.6,0.16,25.75,1.86,1.83,"30/08/2023,20:48:33",49.4056,131.5342
367.17,0.91,43.99,17.27,17.26,"30/08/2023,20:48:11",49.6919,-118.29
196.93,0.07,0.29,0.53,0.52,"30/08/2023,20:48:16",5.0558,29.0876
195.27,0.09,32.9,6.98,2.79,"30/08/2023,20:48:04",5.1368,122.7774
171.9,0.44,40.05,4.91,3.37,"30/08/2023,20:48:00",5.46,73.2397
283.72,0.0,19.67,10.16,2.99,"30/08/2023,20:48:36",5.5086,-130.1448
206.95,0.08,55.08,0.73,0.5,"30/08/2023,20:47:28",50.0833,-83.722
216.96,0.62,52.21,13.55,9.48,"30/08/2023,20:47:23",50.4935,-160.2558
236.99,0.1,44.35,9.91,5.43,"30/08/2023,20:48:40",51.2813,145.8598
205.28,0.44,26.82,3.0,2.98,"30/08/2023,20:47:57",51.8158,116.0636
236.99,0.38,64.37,4.23,1.63,"30/08/2023,20:47:11",51.8926,164.8203
213.62,0.42,55.08,2.68,1.94,"30/08/2023,20:47:53",52.3888,78.1544
226.97,0.21,45.42,1.81,1.73,"30/08/2023,20:47:28",52.4484,-56.1537
253.68,0.07,40.77,1.37,1.36,"30/08/2023,20:47:01",52.5552,-88.1437
594.14,2.29,37.19,13.44,13.42,"30/08/2023,20:48:10",52.7905,-121.3313
210.29,0.7,18.42,2.46,2.28,"30/08/2023,20:47:21",52.9523,43.838
216.96,0.07,28.97,3.73,1.49,"30/08/2023,20:47:23",53.0523,155.2698
216.96,0.13,50.78,6.75,2.39,"30/08/2023,20:47:41",53.5202,-166.8614
146.87,0.07,3.84,2.68,2.66,"30/08/2023,20:47:30",53.5417,93.98
240.33,0.25,61.51,13.33,6.07,"30/08/2023,20:48:44",53.5868,-38.4433
188.59,0.05,65.09,0.52,0.5,"30/08/2023,20:48:23",53.6431,-127.5508
211.95,3.3,64.37,3.95,3.21,"30/08/2023,20:48:20",53.8285,19.0375
236.99,0.17,37.19,5.25,5.09,"30/08/2023,20:47:24",53.9035,138.0196
220.3,0.09,26.82,1.79,1.39,"30/08/2023,20:47:54",54.5068,139.3562
223.64,0.65,71.53,8.8,8.48,"30/08/2023,20:47:05",54.5271,32.6781
203.61,0.32,63.66,1.4,1.22,"30/08/2023,20:48:43",55.5227,76.2433
213.62,0.37,80.82,3.26,1.53,"30/08/2023,20:48:17",55.932,-144.6139
201.94,0.11,32.19,2.53,2.47,"30/08/2023,20:47:39",56.2426,124.2661
213.62,0.54,66.52,4.5,3.08,"30/08/2023,20:47:02",56.4381,-150.2048
198.6,0.18,46.49,0.87,0.86,"30/08/2023,20:47:45",56.5129,93.9224
155.21,0.03,72.24,0.89,0.5,"30/08/2023,20:46:58",57.157,-128.9813
240.33,0.1,72.96,13.17,3.61,"30/08/2023,20:47:42",57.237,-31.7401
236.99,0.02,50.78,1.26,0.5,"30/08/2023,20:48:34",57.2422,-70.9241
195.27,0.48,48.64,0.93,0.91,"30/08/2023,20:48:44",57.374,21.1914
213.62,0.24,80.82,5.49,2.22,"30/08/2023,20:48:45",57.6074,-150.1864
223.64,0.35,90.84,3.28,1.46,"30/08/2023,20:48:37",57.9326,-141.039
226.97,0.17,57.22,2.43,1.87,"30/08/2023,20:47:29",58.2159,-27.8809
181.91,0.79,17.7,1.71,1.65,"30/08/2023,20:48:37",58.2494,22.9628
158.55,0.11,14.66,1.78,1.73,"30/08/2023,20:47:13",58.2995,115.6845
165.22,0.03,18.77,2.13,1.84,"30/08/2023,20:47:58",58.4356,110.0313
240.33,0.1,53.64,1.94,0.5,"30/08/2023,20:47:21",58.5185,-55.8611
185.25,0.09,69.38,0.67,0.5,"30/08/2023,20:48:18",59.0229,-134.0007
243.66,0.15,70.81,3.99,1.74,"30/08/2023,20:47:14",59.042,-16.2959
191.93,0.01,0.06,0.53,0.5,"30/08/2023,20:47:51",6.2191,24.9282
203.61,0.14,55.08,0.62,0.5,"30/08/2023,20:47:29",60.0268,-159.1852
267.03,0.34,67.95,4.38,2.71,"30/08/2023,20:48:14",60.816,-0.981
196.93,0.05,23.25,2.13,2.13,"30/08/2023,20:47:02",60.8653,105.7135
178.58,0.02,19.85,1.33,1.02,"30/08/2023,20:48:32",60.8794,150.7771
230.31,0.2,76.53,2.56,0.73,"30/08/2023,20:47:33",61.6707,-5.4275
236.99,0.14,80.11,2.72,1.64,"30/08/2023,20:47:00",61.7299,-28.5161
213.62,0.39,34.69,1.4,1.3,"30/08/2023,20:48:26",61.8961,76.5287
178.58,0.15,70.1,2.02,1.82,"30/08/2023,20:47:10",61.9547,-131.6562
195.27,0.03,38.98,1.37,0.5,"30/08/2023,20:47:43",62.0804,-100.8207
178.58,0.08,15.02,1.03,0.95,"30/08/2023,20:48:22",62.1796,81.1103
153.54,0.09,7.6,1.76,0.54,"30/08/2023,20:47:05",62.4457,159.9696
247.0,0.4,40.41,4.36,4.35,"30/08/2023,20:48:08",63.7753,119.9746
190.26,0.09,40.77,1.96,1.41,"30/08/2023,20:48:33",63.8857,156.5946
243.66,0.06,75.1,1.72,0.54,"30/08/2023,20:47:19",64.0449,-1.4498
210.29,0.11,31.83,0.74,0.73,"30/08/2023,20:48:15",64.7141,48.5845
190.26,0.04,19.85,1.46,0.5,"30/08/2023,20:47:18",65.1855,169.9311
423.91,0.33,43.27,23.65,23.64,"30/08/2023,20:48:30",65.1975,122.2572
287.06,0.46,58.65,11.22,9.96,"30/08/2023,20:48:19",65.4132,61.8612
196.93,3.09,33.98,1.48,1.06,"30/08/2023,20:47:18",65.5647,21.5835
327.11,0.02,80.11,1.4,1.39,"30/08/2023,20:47:26",65.6841,-41.977
193.6,0.06,27.9,0.52,0.5,"30/08/2023,20:47:10",66.2902,39.5904
327.11,0.21,22.53,12.87,12.87,"30/08/2023,20:47:16",66.4363,119.9366
230.31,0.2,30.76,3.5,1.42,"30/08/2023,20:47:59",66.6512,70.4456
213.62,0.02,80.82,0.51,0.5,"30/08/2023,20:47:55",66.689,-35.6414
357.15,0.11,26.11,9.63,9.12,"30/08/2023,20:47:26",67.1742,130.1145
185.25,0.02,16.09,0.51,0.5,"30/08/2023,20:48:36",67.3212,-131.7744
233.65,0.06,66.52,1.95,0.92,"30/08/2023,20:48:41",67.9486,-3.8977
188.59,0.03,37.55,1.52,0.5,"30/08/2023,20:48:43",68.0192,-144.3593
243.66,0.12,32.19,1.15,0.98,"30/08/2023,20:47:27",68.0617,-60.8529
223.64,0.05,65.8,2.01,0.6,"30/08/2023,20:47:01",68.5452,-169.252
206.95,0.04,30.4,3.85,0.85,"30/08/2023,20:47:22",69.0376,170.8459
211.95,0.05,41.13,2.27,0.61,"30/08/2023,20:47:20",69.0444,-133.0354
243.66,0.07,55.79,5.36,1.04,"30/08/2023,20:47:15",69.4181,86.4913
243.66,0.12,71.53,2.23,0.73,"30/08/2023,20:47:11",69.5891,54.7771
226.97,0.09,62.23,4.04,0.8,"30/08/2023,20:48:10",69.9922,-165.361
270.37,0.2,31.83,5.52,2.95,"30/08/2023,20:48:18",7.8834,-26.1996
233.65,0.03,81.54,2.66,0.5,"30/08/2023,20:48:09",70.5452,-117.2663
240.33,0.04,55.79,2.75,0.52,"30/08/2023,20:47:11",71.5705,124.8877
247.0,0.05,66.52,3.86,0.61,"30/08/2023,20:48:05",71.6847,79.0837
236.99,0.03,70.1,1.14,0.5,"30/08/2023,20:47:49",71.9455,-102.4219
216.96,0.04,36.84,0.79,0.72,"30/08/2023,20:48:41",72.3057,162.1862
260.35,0.03,49.35,3.59,0.68,"30/08/2023,20:48:22",72.9706,-21.7281
233.65,0.03,72.96,1.18,0.5,"30/08/2023,20:47:09",73.1599,-101.7645
240.33,0.02,42.2,0.67,0.5,"30/08/2023,20:47:44",73.3104,-66.8242
233.65,0.03,75.1,0.6,0.5,"30/08/2023,20:48:06",74.6263,-117.1429
240.33,0.02,60.8,1.26,0.5,"30/08/2023,20:47:36",74.9789,122.5965
243.66,0.05,62.94,0.63,0.5,"30/08/2023,20:47:29",75.0878,-70.06
233.65,0.06,57.94,1.75,0.5,"30/08/2023,20:48:38",75.2192,89.871
236.99,0.03,67.23,0.63,0.5,"30/08/2023,20:47:08",75.5986,85.5115
180.24,0.0,72.24,0.5,0.5,"30/08/2023,20:47:07",75.7224,-40.282
257.02,0.03,52.93,1.82,0.73,"30/08/2023,20:48:21",76.9005,-2.9037
240.33,0.06,65.8,4.02,1.04,"30/08/2023,20:48:13",77.1262,75.7842
233.65,0.06,57.22,1.3,1.19,"30/08/2023,20:48:09",77.7215,19.1963
236.99,0.03,60.08,4.99,0.97,"30/08/2023,20:47:17",79.4748,-86.6196
236.99,0.26,52.21,2.2,0.56,"30/08/2023,20:47:27",79.4758,87.5264
230.31,0.06,37.19,14.16,5.6,"30/08/2023,20:47:43",8.2498,113.9987
181.91,0.05,30.04,0.58,0.5,"30/08/2023,20:48:08",8.5198,-144.1512
226.97,0.09,33.62,16.8,6.95,"30/08/2023,20:47:07",8.7777,115.1667
427.25,0.05,59.37,25.82,19.22,"30/08/2023,20:47:19",8.8596,-77.0851
233.65,0.03,48.64,1.32,0.5,"30/08/2023,20:48:28",80.4092,134.6947
243.66,0.05,54.36,0.62,0.5,"30/08/2023,20:47:36",81.3677,21.5118
240.33,0.07,52.21,2.49,2.2,"30/08/2023,20:48:37",81.4822,44.6679
240.33,0.04,90.12,0.55,0.5,"30/08/2023,20:47:55",81.6678,-92.2442
240.33,0.03,62.23,0.65,0.5,"30/08/2023,20:48:21",81.8525,-19.2179
233.65,0.03,44.35,0.55,0.5,"30/08/2023,20:48:29",81.8828,-178.7472
243.66,0.04,72.24,0.72,0.5,"30/08/2023,20:47:02",82.1325,80.776
233.65,0.04,77.25,0.56,0.5,"30/08/2023,20:48:35",82.6619,-60.1047
236.99,0.04,77.25,0.55,0.5,"30/08/2023,20:47:46",82.761,-57.3182
236.99,0.04,67.95,0.53,0.5,"30/08/2023,20:47:14",82.9524,-135.1271
230.31,0.03,87.98,0.54,0.5,"30/08/2023,20:48:23",82.9828,-86.3521
236.99,0.04,53.64,0.6,0.5,"30/08/2023,20:47:48",83.0867,153.6922
236.99,0.04,55.79,0.77,0.5,"30/08/2023,20:48:08",84.0987,140.2164
236.99,0.04,72.24,0.55,0.5,"30/08/2023,20:48:10",84.6894,-162.9015
233.65,0.04,60.08,0.53,0.5,"30/08/2023,20:48:06",85.1583,-150.0735
247.0,0.03,72.96,0.56,0.5,"30/08/2023,20:48:25",85.7455,102.7028
250.34,0.04,75.1,0.63,0.5,"30/08/2023,20:48:25",86.001,89.8327
236.99,0.03,61.51,0.59,0.5,"30/08/2023,20:48:26",86.1522,-41.03
257.02,0.04,50.07,0.91,0.86,"30/08/2023,20:48:13",86.7416,4.1912
257.02,0.04,51.5,0.78,0.7,"30/08/2023,20:48:17",86.8736,12.7901
243.66,0.03,75.1,0.57,0.5,"30/08/2023,20:46:59",88.0569,-103.5071
240.33,0.03,63.66,0.53,0.5,"30/08/2023,20:48:02",88.3928,127.0585
250.34,0.04,69.38,0.59,0.5,"30/08/2023,20:47:06",88.5195,93.0671
247.0,0.04,65.8,0.61,0.5,"30/08/2023,20:47:16",88.5337,65.6153
243.66,0.03,68.67,0.59,0.5,"30/08/2023,20:47:32",88.9687,-67.6973
240.33,0.04,76.53,0.54,0.5,"30/08/2023,20:47:36",88.9904,170.8433
247.0,0.03,76.53,0.57,0.5,"30/08/2023,20:47:45",89.1528,-120.6738
0.0,0.0,0.0,0.0,0.0,"30/08/2023,20:48:13",89.6419,-117.539
0.0,0.0,0.0,0.0,0.0,"30/08/2023,20:47:48",89.9043,-168.7046
193.6,0.04,17.7,0.63,0.5,"30/08/2023,20:48:35",9.2012,158.085
205.28,0.12,33.98,5.87,4.09,"30/08/2023,20:46:59",9.481,134.3246
205.28,0.33,29.68,4.7,2.34,"30/08/2023,20:47:09",9.6613,96.4982
226.97,0.04,25.75,7.02,5.56,"30/08/2023,20:47:19",9.7928,-36.2848
